N,ADJ,ORG
màn,chất_lượng,la_za_da
màn_hình,bền,google
hàng,chê,facebook
sản_phẩm,chán,youtube
hình,ổn,fpt
ảnh,thua,cellphones
hình_ảnh,uy_tín,cellphone
thiết_kế,cưng_xỉu,thế_giới_di_động_
đóng_gói,siêu_iu,tiktok
phân_giải,mượt,lazada
phân_màn,tinh_tế,agribank
phân_giải_màn,nhanh,zalo
phân_giải_màn_hình,tuyệt,flagship
hãng,ấn_tượng,
mặt_hàng,buồn,
màu_sắc,cải_chất_liệutuyệt_vời,
tính_năng,bứt_phá,
camera,bướng,
usb,buồn_trình,
ram,buồn_vui,
rom,ám_ảnh,
tem,ác_chiến,
đóng_gói,bền_nhẹ_tay,
giao_hàng,bá_choáy,
giao,bền_bỉ_trọng,
giá,bền_bỉ,
giá_cả,ân_trân_trọng,
pin,bền_động,
màu,bá_đạo,
chất_liệu_,bă_ninh,
thiết_kế,ầm_ầm,
dung_lượng,ẩm,
dung_lượng_pin,bền_ổn_định_giá,
mẫu_mã,bao_pin,
chip,bền_đẳng,
dịch_vụ,bế_tắc,
bảo_hành,cầm_cảm,
chụp,buồn_cười,
chụp_ảnh,bá_mượt,
chế_độ,ác,
ốp,ám_màn,
vỏ,buồn_tẻ,
kính,,
kính_cường_lực,,
kết_nối,,
cpu,,
loa,,
ống_kính,,
đèn,,
mic,,
gọi,,
gọi_điện,,
gọi_nghe,,
hiệu_năng,,
ánh_sáng,,
cảm_biến,,
cảm_ứng_,,
bảo_mật,,
âm_lượng,,
bộ_nhớ,,
thông_số,,
tản_nhiệt,,
viền,,
góc,,
mic,,
âm_thanh,,
âm,,
di_động,,
điện_thoại,,
cấu_hình,,
cảm_biến,,
mạng,,
hệ_điều_hành,,
điều_hành,,
xử_lý,,
bộ_xử_lý,,
sạc,,
bộ_sạc,,
mặt_lưng,,
lưng,,
mặt_sau,,
gói,,
đóng,,
,,
,,
,,
,,
,,
,,
apple,,
apples,,
androi,,
samsung,,
iphone,,
samsung_galaxy,,
giao,,
giao_hàng,,
vật_liệu,,
kích_cỡ_,,
kích_thước,,
,,
app,,
dây_sạc,,
củ_sạc,,
chân_dung,,
cảnh,,
công_nghệ,,
video,,
nội_dung,,
ứng_dụng,,
,,
,,
,,
phân_biệt,,
,,
cuộc_gọi,,
,,
,,
,,
ảnh_hưởng,,
,,
khách_hàng,,
,,
,,
sim,,
,,
,,
vật_liệu,,
,,
hồng,,
đỏ,,
titan,,
ti_tan,,
,,
hàng_chính_hãng,,
chính_hãng,,
,,
hàng_nguyên_tem,,
gói_hàng,,
sàn_thương_mại,,
hàng_nguyên_box,,
