id,sku,Date Crawled,brand_id,brand_name,store,product_name,current_price,discount_price,discount,colors,sold_quanlity,rating_count,rating_average
274037360,1.50224E+12,3/2/2024,406575,POCO,Tiki Trading,Điện Thoại POCO C65 (6GB/128GB) - Hàng Chính Hãng,3090000,2690000,13,[{'label': 'Đen'}],2270,13,4.6
273947792,1.79002E+12,3/2/2024,18802,Samsung,Tiki Trading,"Điện thoại AI Samsung Galaxy S24 Ultra, Camera 200MP Zoom 100x, S Pen - Hàng Chính Hãng",34490000,26990000,22,"[{'label': 'Tím'}, {'label': 'Vàng'}, {'label': 'Xám'}, {'label': 'Đen'}]",351,0,0
273947785,9.45546E+12,3/2/2024,18802,Samsung,Tiki Trading,"Điện thoại AI Samsung Galaxy S24+, Camera 50MP, Màn hình 6.7""- Hàng Chính Hãng",27490000,20990000,24,"[{'label': 'Tím'}, {'label': 'Xám'}, {'label': 'Đen'}]",8,0,0
244308977,8.83064E+12,3/2/2024,25422,Xiaomi,Hồng Hạnh Mobile,Điện Thoại Xiaomi Redmi 12C 4GB/64GB - Hàng Chính Hãng,3590000,2489000,31,[{'label': 'Xanh Bạc Hà'}],9,5,4.8
273016223,7.76689E+12,3/2/2024,25422,Xiaomi,Hồng Hạnh Mobile,Điện Thoại Xiaomi Redmi A2 2GB/32GB - Hàng Chính Hãng,2190000,1769000,19,"[{'label': ' Đen'}, {'label': 'Xanh Dương'}]",2,0,0
184036446,9.32094E+12,3/2/2024,17827,Apple,Tiki Trading,Apple iPhone 11,12990000,9990000,23,"[{'label': 'Trắng'}, {'label': 'Đen'}]",13962,2983,4.8
184059211,3.64352E+12,3/2/2024,17827,Apple,Tiki Trading,Apple iPhone 13,24990000,14490000,42,"[{'label': 'Hồng'}, {'label': 'Trắng'}, {'label': 'Xanh Dương'}, {'label': 'Xanh Lá'}, {'label': 'Đen'}]",5749,1833,5
57809866,6.69374E+12,3/2/2024,25422,Xiaomi,Tiki Trading,Điện thoại Xiaomi Redmi 9A (2GB/32GB) - Hàng chính hãng,2490000,1790000,28,"[{'label': 'Xanh Lá'}, {'label': 'Xanh lam'}, {'label': 'Xám'}]",6153,837,4.7
120295859,8.47976E+12,3/2/2024,19673,Nokia,Tiki Trading,Điện Thoại Nokia C30 (2GB/32GB) - Hàng Chính Hãng,1990000,1490000,25,[{'label': 'Xanh'}],883,210,4.7
175845367,1.67683E+12,3/2/2024,18802,Samsung,Tiki Trading,Điện Thoại Samsung Galaxy S20 FE (8GB/256GB) - Hàng Chính Hãng - Đã kích hoạt bảo hành điện tử,9990000,7090000,29,[{'label': 'Xanh Thanh Mát'}],729,220,4.8
204671569,7.5813E+12,3/2/2024,25643,OPPO,Hồng Hạnh Mobile,Điện Thoại Oppo A17k 3GB/64GB - Hàng Chính Hãng,3290000,2599000,21,"[{'label': ' Xanh  '}, {'label': 'Vàng'}]",3,0,0
198968094,4.68543E+12,3/2/2024,25422,Xiaomi,Hồng Hạnh Mobile,Điện Thoại Xiaomi Redmi A1 2GB/32GB - Hàng Chính Hãng,2190000,1789000,18,"[{'label': ' Đen'}, {'label': 'Xanh Dương'}, {'label': 'Xanh Lá'}]",9,2,5
57809866,6.69374E+12,3/2/2024,25422,Xiaomi,Tiki Trading,Điện thoại Xiaomi Redmi 9A (2GB/32GB) - Hàng chính hãng,2490000,1790000,28,"[{'label': 'Xanh Lá'}, {'label': 'Xanh lam'}, {'label': 'Xám'}]",6153,837,4.7
203278278,5.52035E+12,3/2/2024,18802,Samsung,Hồng Hạnh Mobile,Điện Thoại Samsung A04 3GB/32GB - Hàng Chính Hãng,2990000,2119000,29,"[{'label': 'Xanh Dương Xỉ'}, {'label': 'Đen Tinh Vân'}, {'label': 'Đồng Ánh Hồng'}]",55,14,5
121744434,8.52458E+12,3/2/2024,25422,Xiaomi,Hồng Hạnh Mobile,Điện Thoại Xiaomi Redmi 10 4GB/128GB - Hàng Chính Hãng,4290000,3119000,27,"[{'label': 'Xanh Đại Dương'}, {'label': 'Xám Carbon'}]",131,48,4.8
123345348,6.35277E+12,3/2/2024,17827,Apple,Tiki Trading,Apple iPhone 12,16990000,12490000,26,"[{'label': 'Trắng'}, {'label': 'Tím'}, {'label': 'Xanh Lá'}, {'label': 'Đen'}]",2801,1277,5
121744434,8.52458E+12,3/2/2024,25422,Xiaomi,Hồng Hạnh Mobile,Điện Thoại Xiaomi Redmi 10 4GB/128GB - Hàng Chính Hãng,4290000,3119000,27,"[{'label': 'Xanh Đại Dương'}, {'label': 'Xám Carbon'}]",131,48,4.8
189466001,4.81735E+12,3/2/2024,25422,Xiaomi,Long Hưng TechZone,Điện thoại Xiaomi Redmi 10A (2GB/32GB) - Hàng chính hãng,2890000,1949000,33,"[{'label': 'Bạc Chorme'}, {'label': 'Xám than chì'}, {'label': 'xanh da trời'}]",2,1,1
125590981,4.72817E+12,3/2/2024,19673,Nokia,Nokia Mobile,Điện thoại Nokia C30 2GB/32GB - Hàng chính hãng,1550000,1550000,0,[{'label': 'Xanh lục'}],122,40,4.7
126050455,9.51151E+12,3/2/2024,19673,Nokia,THẮNG THAO MOBILE,Điện thoại Nokia C20 (2GB/16GB) - Hàng Chính Hãng,2290000,1299000,43,[{'label': 'Xanh Dương'}],112,17,4.6
246163082,6.49925E+12,3/2/2024,19673,Nokia,Hồng Hạnh Mobile,Điện Thoại Nokia C30 2GB/32GB - Hàng Chính Hãng,2290000,1669000,27,[{'label': ' Xanh Lục  '}],,0,0
274116886,5.33998E+12,3/2/2024,25422,Xiaomi,Hồng Hạnh Mobile,Điện Thoại Xiaomi Redmi A2+ 3GB/64GB - Hàng Chính Hãng,2790000,2059000,26,"[{'label': ' Đen'}, {'label': 'Xanh Dương'}]",1,0,0
242771940,7.17262E+12,3/2/2024,18802,Samsung,Hồng Hạnh Mobile,Điện Thoại Samsung A04e 3GB/32GB - Hàng Chính Hãng,2990000,2129000,29,"[{'label': ' Đồng Ánh Hồng'}, {'label': 'Xanh Thời Thượng'}, {'label': 'Đen Tinh Vân'}]",1,0,0
172329599,3.73575E+12,3/2/2024,25422,Xiaomi,THẮNG THAO MOBILE,Điện thoại Xiaomi Redmi 9A (2GB/32GB) - Hàng chính hãng,2199000,1750000,20,"[{'label': 'Xanh Dương'}, {'label': 'Xanh lá'}, {'label': 'Đen'}]",26,0,0
181264344,6.36895E+12,3/2/2024,112735,Oukitel,xuanhongmobile,"Điện thoại oukitel  k15 pro (chống sốc,pin khủng,pin 10.000mAh ,Ram 8Gb,Rom 128Gb) – hàng chính hãng",4990000,4990000,0,,13,5,4.2
181266509,7.55692E+12,3/2/2024,169013,Ulefone,xuanhongmobile,"Điện thoại Ulefone Armor 14 pro (chống nước,chống va đập,pin khủng,pin 10.000mAh,Ram 8Gb,Rom 128Gb)- hàng chính hãng",7990000,7990000,0,,6,4,5
168094334,9.19828E+12,3/2/2024,18802,Samsung,Long Hưng TechZone,Điện thoại Samsung Galaxy S20 FE (8GB/256GB) - Hàng chính hãng,12990000,12990000,0,[{'label': 'Xanh thanh mát'}],3,1,4
137864049,4.41081E+12,3/2/2024,112735,Oukitel,xuanhongmobile,"Điện thoại Oukitel K15 Plus(chống sốc,chống va đập,pin 10.000mAh,Ram 4Gb,Rom 32Gb) - hàng chính hãng",4790000,4790000,0,,30,10,4.8
140184098,2.12627E+12,3/2/2024,257333,Vsmart,Hồng Hạnh Mobile,Điện Thoại Vsmart Bee Lite 2GB/16GB - Hàng Chính Hãng,1990000,989000,50,[{'label': 'Green/Xanh Lá'}],94,24,4.3
192859201,6.79392E+12,3/2/2024,112735,Oukitel,xuanhongmobile,"Điện thoại Oukitel WP19(chống sốc ,chống nước ,Pin 21000mAh ,Ram 8G ,Rom 256G ,Tầm nhìn ban đêm 64MP ,  Máy ảnh 90Hz ,Điện thoại Helio G95 )-hàng chính hãng",8790000,8790000,0,,3,2,5
129167166,9.65742E+12,3/2/2024,111461,OEM,THẮNG THAO MOBILE,"Điện thoại ITEL A48 2GB/32GB , 6.1"" HD+ , Camera kép - Hàng Chính Hãng",1990000,1359000,32,"[{'label': 'Xanh lá'}, {'label': 'Đen'}]",77,11,4.5
197966909,7.19006E+12,3/2/2024,18802,Samsung,Hồng Hạnh Mobile,Điện Thoại Samsung A04s 4GB/64GB - Hàng Chính Hãng,3990000,2679000,33,"[{'label': 'Xanh Dương Xỉ'}, {'label': 'Đen Tinh Vân'}, {'label': 'Đồng Ánh Hồng'}]",84,19,4.8
247730209,4.24811E+12,3/2/2024,18802,Samsung,GIA DỤNG VIỆT,Điện thoại Samsung Galaxy A34 5G (8GB/128GB) - Hàng chính hãng,7164000,7164000,0,"[{'label': 'Bạc'}, {'label': 'Xanh'}, {'label': 'Đen'}]",3,0,0
155833852,4.81126E+12,3/2/2024,112638,Masstel,Hồng Hạnh Mobile,Điện Thoại Masstel Hapi 30 3GB/32GB - Hàng Chính Hãng,2390000,1879000,21,[{'label': 'Blue/Xanh'}],6,2,5
143359355,7.49475E+12,3/2/2024,162007,Tecno,Hồng Hạnh Mobile,Điện Thoại Tecno Spark 6 Go 4GB/64GB - Hàng Chính Hãng,2990000,2079000,30,"[{'label': 'Aqua Blue/Xanh Nước Biển'}, {'label': 'Galaxy Blue/Xanh Đại Dương'}, {'label': 'Ice Jadeite/Băng Cẩm Thạch'}]",29,13,4.8
262516014,3.68186E+12,3/2/2024,18802,Samsung,GIA DỤNG VIỆT,Điện Thoại Samsung Galaxy A34 5G - Hàng Chính Hãng,7164000,7164000,0,[{'label': '8GB/128GB'}],,0,0
158895857,3.2518E+12,3/2/2024,52232,Vivo,Long Hưng TechZone,Điện thoại Vivo Y33s (8GB/128GB) - Hàng chính hãng,6069000,6069000,0,[{'label': 'Đen'}],4,1,5
195323206,5.14656E+12,3/2/2024,52232,Vivo,vivo Official Store,Điện thoại vivo Y22s (8GB - 128GB) - Hàng Chính Hãng,5990000,4690000,22,"[{'label': 'Xanh vàng'}, {'label': 'Xanh đen'}]",4,2,5
254125720,4.1152E+12,3/2/2024,112735,Oukitel,xuanhongmobile,"Điện thoại oukitel WP22 (Loa to,Chống nước ,chống sốc IP68/IP69K,Ram 13Gb(8GB+5Gb mở rộng),Rom 256Gb,Màn hình 6.58 FHD,tầm nhìn ban đêm,Pin 10.000mAh)- Hàng chính hãng",5990000,5990000,0,,2,0,0
271982547,4.8977E+12,3/2/2024,112735,Oukitel,xuanhongmobile,"Điện thoại Oukitel  WP12 Pro (chống nước,chống va đập,RAM 8GB(Ram 4GB+ 4Gb),Rom 64 Gb,8 nhân)- hÀng chính hãng",2990000,2990000,0,,2,1,5
253443652,5.29773E+12,3/2/2024,18802,Samsung,GIA DỤNG VIỆT,Điện Thoại Samsung Galaxy M14 5G - Hàng Chính Hãng,4212000,4212000,0,"[{'label': '4GB/128GB'}, {'label': '4GB/64GB'}, {'label': '6GB/128GB'}]",,0,0
243165179,1.83195E+12,3/2/2024,25643,OPPO,GIA DỤNG VIỆT,Điện thoại OPPO Reno8 T 4G (8GB/256GB) - Hàng Chính Hãng,8136000,8136000,0,[{'label': 'Đen'}],,0,0
253443788,5.49658E+12,3/2/2024,18802,Samsung,GIA DỤNG VIỆT,Điện Thoại Samsung Galaxy M14 5G (4GB/64GB) - Hàng Chính Hãng,6000000,6000000,0,"[{'label': 'Bạc lịch lãm'}, {'label': 'Xanh Tinh Tế'}, {'label': 'Xanh mạnh mẽ'}]",,0,0
262660017,6.96974E+12,3/2/2024,18802,Samsung,GIA DỤNG VIỆT,Điện Thoại Samsung Galaxy A24 (6GB/128GB) - Hàng Chính Hãng,5800000,5800000,0,"[{'label': 'Xanh'}, {'label': 'Đen'}]",1,1,5
261965186,7.64502E+12,3/2/2024,25422,Xiaomi,GIA DỤNG VIỆT,Điện Thoại Xiaomi Redmi Note 12S (8GB/256GB) - Hàng Chính Hãng,6132000,6132000,0,"[{'label': ' Đen'}, {'label': 'Xanh Dương'}, {'label': 'Xanh Lá'}]",1,1,5
193366048,2.2442E+12,3/2/2024,27468,OnePlus ,O-TECH SHOP,Điện thoại OnePlus 10T 5G - Hàng Chính Hãng,15990000,15990000,0,"[{'label': '16GB | 256'}, {'label': '8GB l 128GB'}]",,0,0
29931445,9.15321E+12,3/2/2024,169013,Ulefone,xuanhongmobile,"Ulefone Armor X 5 ( chống nước,chống va đập,pin 5.000mAh ) hàng chính hãng",3490000,3490000,0,[{'label': 'đen'}],136,38,4.6
140144656,8.96135E+12,3/2/2024,247549,Realme,Long Hưng TechZone,Điện thoại Realme C25Y (4GB/128GB) - Hàng chính hãng,4990000,3599000,28,"[{'label': 'Xanh thủy băng'}, {'label': 'Xám kim loại'}]",,0,0
253395356,1.62052E+12,3/2/2024,18802,Samsung,GIA DỤNG VIỆT,Điện Thoại Samsung M14 5G 6GB/128GB - Hàng Chính Hãng,5292000,5292000,0,"[{'label': 'Bạc Thanh Lịch'}, {'label': 'Xanh Tinh Tế'}, {'label': 'Xanh Đen Mạnh Mẽ'}]",,0,0
65091422,1.9127E+12,3/2/2024,112735,Oukitel,xuanhongmobile,"Điện thoại Oukitel WP6 (Chống va đập,chống nước,Ram 6Gb,Rom 128Gb,pin 10.000mAh) - Hàng chính hãng",6990000,6990000,0,[{'label': 'cam'}],5,2,5
270544863,7.05814E+12,3/2/2024,18802,Samsung,GIA DỤNG VIỆT,Điện Thoại Samsung Galaxy A24 (8GB/128GB) - Hàng Chính Hãng,6084000,6084000,0,"[{'label': ' Xanh  '}, {'label': ' Đen'}]",,0,0
215617756,8.55983E+12,3/2/2024,18802,Samsung,GIA DỤNG VIỆT,Điện Thoại Samsung A14 5G 4GB/128GB - Hàng Chính Hãng,5000000,5000000,0,"[{'label': 'Trắng Pearl'}, {'label': 'Đen Midnight'}, {'label': 'Đỏ Burgundy'}]",,0,0
261964853,3.64911E+12,3/2/2024,169013,Ulefone,xuanhongmobile,"Điện thoại ulefone note 16 pro (Ram 16Gb(8+8),rom 128Gb,android 13 , camera 50MP,pin 4.400mAhm, Mở khóa vân tay, Mở khóa bằng khuôn mặt )-hàng chính hãng",5990000,5990000,0,,,0,0
274037360,1.50224E+12,3/2/2024,406575,POCO,Tiki Trading,Điện Thoại POCO C65 (6GB/128GB) - Hàng Chính Hãng,3090000,2690000,13,[{'label': 'Đen'}],2270,13,4.6
273947792,1.79002E+12,3/2/2024,18802,Samsung,Tiki Trading,"Điện thoại AI Samsung Galaxy S24 Ultra, Camera 200MP Zoom 100x, S Pen - Hàng Chính Hãng",34490000,26990000,22,"[{'label': 'Tím'}, {'label': 'Vàng'}, {'label': 'Xám'}, {'label': 'Đen'}]",351,0,0
273947785,9.45546E+12,3/2/2024,18802,Samsung,Tiki Trading,"Điện thoại AI Samsung Galaxy S24+, Camera 50MP, Màn hình 6.7""- Hàng Chính Hãng",27490000,20990000,24,"[{'label': 'Tím'}, {'label': 'Xám'}, {'label': 'Đen'}]",8,0,0
244308977,8.83064E+12,3/2/2024,25422,Xiaomi,Hồng Hạnh Mobile,Điện Thoại Xiaomi Redmi 12C 4GB/64GB - Hàng Chính Hãng,3590000,2489000,31,[{'label': 'Xanh Bạc Hà'}],9,5,4.8
121744434,8.52458E+12,3/2/2024,25422,Xiaomi,Hồng Hạnh Mobile,Điện Thoại Xiaomi Redmi 10 4GB/128GB - Hàng Chính Hãng,4290000,3119000,27,"[{'label': 'Xanh Đại Dương'}, {'label': 'Xám Carbon'}]",131,48,4.8
181918564,3.06328E+12,3/2/2024,112735,Oukitel,xuanhongmobile,"Điện thoại OUKITEL WP16 (pin 10.600mAh,  Ram 8Gb,Rom 128Gb, màn hình 6,39 in , Android 11, Máy ảnh nhìn ban đêm 20MP, chống nước IP68,chống va đập, hai SIM 4G, NFC..) – hàng chính hãng",5990000,5990000,0,,,0,0
253443951,3.51781E+12,3/2/2024,18802,Samsung,GIA DỤNG VIỆT,Điện Thoại Samsung Galaxy M14 5G (6GB/128GB) - Hàng Chính Hãng,5292000,5292000,0,"[{'label': 'Bạc lịch lãm'}, {'label': 'Xanh Tinh Tế'}, {'label': 'Xanh mạnh mẽ'}]",,0,0
216092766,8.30316E+12,3/2/2024,25643,OPPO,GIA DỤNG VIỆT,Điện Thoại Oppo Reno 8T 4G (8GB/256GB) - Hàng Chính Hãng,8136000,8136000,0,"[{'label': 'Cam'}, {'label': 'Đen'}]",,0,0
147969070,6.79315E+12,3/2/2024,111684,Itel,ITEL Official Store,"Điện thoại thông minh itel A26  2 Sim 2 Sóng 4G LTE - Màn hình IPS 5.7"" - RAM 2GB + ROM 32 GB - Mở khoá bằng Gương Mặt -  Hàng chính hãng ",2390000,2390000,0,"[{'label': 'Tím'}, {'label': 'Xanh Dương'}]",7,1,5
271341795,5.93691E+12,3/2/2024,112638,Masstel,Điện Thoại TN Store,"Điện thoại smartphone Masstel Hapi 15 (2GB/16GB) - 2 Sim, Tặng kèm ốp lưng - Hàng chính hãng - Bảo hành chính hãng",1499000,1499000,0,"[{'label': ' Xanh Biển    '}, {'label': ' Đen'}, {'label': 'Màu Vàng'}]",,0,0
242771940,7.17262E+12,3/2/2024,18802,Samsung,Hồng Hạnh Mobile,Điện Thoại Samsung A04e 3GB/32GB - Hàng Chính Hãng,2990000,2129000,29,"[{'label': ' Đồng Ánh Hồng'}, {'label': 'Xanh Thời Thượng'}, {'label': 'Đen Tinh Vân'}]",1,0,0
273016223,7.76689E+12,3/2/2024,25422,Xiaomi,Hồng Hạnh Mobile,Điện Thoại Xiaomi Redmi A2 2GB/32GB - Hàng Chính Hãng,2190000,1769000,19,"[{'label': ' Đen'}, {'label': 'Xanh Dương'}]",2,0,0
57809866,6.69374E+12,3/2/2024,25422,Xiaomi,Tiki Trading,Điện thoại Xiaomi Redmi 9A (2GB/32GB) - Hàng chính hãng,2490000,1790000,28,"[{'label': 'Xanh Lá'}, {'label': 'Xanh lam'}, {'label': 'Xám'}]",6153,837,4.7
198968094,4.68543E+12,3/2/2024,25422,Xiaomi,Hồng Hạnh Mobile,Điện Thoại Xiaomi Redmi A1 2GB/32GB - Hàng Chính Hãng,2190000,1789000,18,"[{'label': ' Đen'}, {'label': 'Xanh Dương'}, {'label': 'Xanh Lá'}]",9,2,5
204671569,7.5813E+12,3/2/2024,25643,OPPO,Hồng Hạnh Mobile,Điện Thoại Oppo A17k 3GB/64GB - Hàng Chính Hãng,3290000,2599000,21,"[{'label': ' Xanh  '}, {'label': 'Vàng'}]",3,0,0
151463645,9.27632E+12,3/2/2024,229213,Bphone,xuanhongmobile,"Điện thoại Bphone A60 (Ram 6Gb,Rom 128 Gb,màn hình đục lổ FHD 6.7inch , pin 5.000mAh ) - Hàng chính hãng",6490000,6490000,0,,1,1,4
253443894,9.83933E+12,3/2/2024,18802,Samsung,GIA DỤNG VIỆT,Điện Thoại Samsung Galaxy M14 5G (4GB/128GB) - Hàng Chính Hãng,4212000,4212000,0,"[{'label': 'Bạc lịch lãm'}, {'label': 'Xanh Tinh Tế'}, {'label': 'Xanh mạnh mẽ'}]",1,0,0
196760330,6.60411E+12,3/2/2024,52232,Vivo,Hồng Hạnh Mobile,Điện Thoại Vivo T1x 4GB/64GB - Hàng Chính Hãng,4490000,3489000,22,"[{'label': 'Xanh Ngân Hà'}, {'label': 'Đen Thiên Hà'}]",4,0,0
267178005,8.08386E+12,3/2/2024,18802,Samsung,GIA DỤNG VIỆT,Điện thoại Samsung Galaxy A24 - Hàng chính hãng,5808000,5808000,0,"[{'label': 'Xanh Lime'}, {'label': 'Đen Vampire'}]",,0,0
37289936,1.39253E+12,3/2/2024,112735,Oukitel,xuanhongmobile,"Điện thoại Oukitel WP2 chống nước,chống va đập, pin 10.000 mAh - Hàng chính hãng",5490000,5490000,0,"[{'label': 'Vàng '}, {'label': 'Đen'}]",14,3,4.3
274116886,5.33998E+12,3/2/2024,25422,Xiaomi,Hồng Hạnh Mobile,Điện Thoại Xiaomi Redmi A2+ 3GB/64GB - Hàng Chính Hãng,2790000,2059000,26,"[{'label': ' Đen'}, {'label': 'Xanh Dương'}]",1,0,0
246163082,6.49925E+12,3/2/2024,19673,Nokia,Hồng Hạnh Mobile,Điện Thoại Nokia C30 2GB/32GB - Hàng Chính Hãng,2290000,1669000,27,[{'label': ' Xanh Lục  '}],,0,0
203278278,5.52035E+12,3/2/2024,18802,Samsung,Hồng Hạnh Mobile,Điện Thoại Samsung A04 3GB/32GB - Hàng Chính Hãng,2990000,2119000,29,"[{'label': 'Xanh Dương Xỉ'}, {'label': 'Đen Tinh Vân'}, {'label': 'Đồng Ánh Hồng'}]",55,14,5
194462682,1.49998E+12,3/2/2024,49994,ZTE,ZTE Official Store,"Điện thoại ZTE Blade A52 4GB l 64GB, Pin 5000mAh, Màn hình 6.52"", Camera AI Triple - Hàng chính hãng",3490000,3490000,0,"[{'label': 'Vàng lụa'}, {'label': 'Xanh pha lê'}, {'label': 'Xám Thiên Hà'}]",1,0,0
65492829,9.94298E+12,3/2/2024,112735,Oukitel,xuanhongmobile,"Điện thoại Oukitel WP5 Pro (Ram4GB,Rom 64Gb,pin 8.000mAh ,chống va đập,chống nước) - hàng chính hãng",3990000,3990000,0,,19,9,5
204802771,4.25806E+12,3/2/2024,25643,OPPO,GIA DỤNG VIỆT,Điện thoại Oppo A57 (4GB/128GB) - Hàng chính hãng,4632000,4632000,0,"[{'label': 'Vàng'}, {'label': 'Xanh ngọc'}]",,0,0
5868813,5.4997E+12,3/2/2024,229213,Bphone,Thế giới hàng tốt,Điện Thoại Bphone 3 - Hàng Chính Hãng,6990000,6990000,0,[{'label': 'Trắng'}],5,0,0
198203859,9.59934E+12,3/2/2024,52232,Vivo,vivo Official Store,Điện Thoại Vivo V25 5G 2022 (8GB/128GB) - Hàng Chính Hãng,10490000,7490000,29,"[{'label': 'Vàng Rạng Đông'}, {'label': 'Đen Kim Cương'}]",4,2,5
198111545,7.11398E+12,3/2/2024,52232,Vivo,vivo Official Store,Điện Thoại Vivo V25e 2022 (8GB/128GB) - Hàng Chính Hãng,8490000,6490000,24,[{'label': 'Den Kim Cuong'}],2,1,5
181216830,1.01002E+12,3/2/2024,49994,ZTE,ZTE Official Store,"Điện thoại ZTE Blade V40 Vita (ZTE 8045) - MH giọt nước HD+ 6.75"" - Pin 6000 mAh sạc nhanh 22.5W -  Bộ nhớ mở rộng (4+2)GB - Hàng chính hãng",4290000,4290000,0,[{'label': 'Xám Thiên Hà'}],,0,0
216934468,8.44741E+12,3/2/2024,18802,Samsung,GIA DỤNG VIỆT,Điện thoại Samsung Galaxy A14 5G (4GB/128GB) - Hàng chính hãng,5000000,5000000,0,"[{'label': 'Trắng Pearl'}, {'label': 'Đen Midnight'}, {'label': 'Đỏ Burgundy'}]",1,1,5
215543460,9.5486E+12,3/2/2024,18802,Samsung,GIA DỤNG VIỆT,Điện Thoại Samsung Galaxy A14 5G (4GB/128GB) - Hàng Chính hãng,5190000,5190000,0,"[{'label': 'Trắng'}, {'label': 'Đen'}, {'label': 'Đỏ'}]",2,1,5
189658085,3.35822E+12,3/2/2024,25643,OPPO,GIA DỤNG VIỆT,Điện Thoại Oppo A57 (4GB/64GB) - Hàng Chính Hãng,4284000,4284000,0,"[{'label': 'Xanh'}, {'label': 'Đen'}]",,0,0
273186334,1.78632E+12,3/2/2024,18802,Samsung,GIA DỤNG VIỆT,Điện thoại Samsung Galaxy A05s 4GB/128GB- Hàng Chính hãng,3980000,3980000,0,"[{'label': ' Đen'}, {'label': 'Bạc (Silver)'}, {'label': 'Xanh lá nhạt'}]",,0,0
249168949,4.41904E+12,3/2/2024,18802,Samsung,Nguyễn Kim Official,Điện thoại Samsung Galaxy A34 5G 8GB/128GB Bạc - Hàng chính hãng,8490000,7600000,10,,,0,0
140747649,9.72751E+12,3/2/2024,247549,Realme,Long Hưng TechZone,Điện thoại Realme C11 2021 (4GB/64GB) - Hàng chính hãng,3790000,3790000,0,"[{'label': 'Xanh biển'}, {'label': 'Xám khói'}]",1,0,0
168320000,5.7383E+12,3/2/2024,25422,Xiaomi,GIA DỤNG VIỆT,Điện Thoại Xiaomi Redmi 9A (2GB/32GB)- Đã kích hoạt bảo hành điện tử- Hàng Chính Hãng - Granite Gray,2088000,2088000,0,,,0,0
212329857,3.29178E+12,3/2/2024,25422,Xiaomi,GIA DỤNG VIỆT,Điện thoại Xiaomi Redmi 9A 2GB/32GB Xám - Hàng chính hãng,2088000,2088000,0,,1,1,5
251448280,9.74561E+12,3/2/2024,18802,Samsung,GIA DỤNG VIỆT,Samsung Galaxy A34 5G A346E (8+128G) Silver Bạc - Hàng Chính Hãng (chỉ giao HN và một số khu vực),7164000,7164000,0,,,0,0
138867253,6.18305E+12,3/2/2024,162007,Tecno,Long Hưng TechZone,Điện thoại TECNO Spark 6 Go (4GB/64GB) - Hàng chính hãng,2559000,2559000,0,[{'label': 'Băng cẩm thạch'}],4,1,4
244355503,7.42454E+12,3/2/2024,18802,Samsung,MT Smart Official Store ,Điện thoại Samsung Galaxy A04s (4GB/64BG) - Hàng chính hãng,3990000,3990000,0,"[{'label': 'Black'}, {'label': 'Copper'}, {'label': 'Green'}]",,0,0
272200109,7.31667E+12,3/2/2024,18802,Samsung,GIA DỤNG VIỆT,Điện Thoại Samsung Galaxy A04e - Hàng Chính Hãng,2340000,2340000,0,[{'label': '3GB/32GB'}],,0,0
244182370,5.9165E+12,3/2/2024,18802,Samsung,MT Smart Official Store ,Điện thoại Samsung Galaxy S23 Ultra 1TB - Hàng chính hãng,44990000,44990000,0,[{'label': 'Cream'}],,0,0
245770363,5.2521E+12,3/2/2024,18802,Samsung,GIA DỤNG VIỆT,Điện thoại Samsung Galaxy A04e (3GB/32GB) - Hàng chính hãng,2325000,2325000,0,"[{'label': 'Xanh Thời Thượng'}, {'label': 'Đen tinh vân'}, {'label': 'Đồng ánh hồng'}]",,0,0
263060294,8.14402E+12,3/2/2024,18802,Samsung,GIA DỤNG VIỆT,Điện thoại di động Samsung A24 (6G/128G) - Hàng chính hãng - Đã kích hoạt bảo hành điện tử,5808000,5808000,0,"[{'label': ' Đen'}, {'label': 'Xanh lá nhạt'}]",,0,0
261962220,6.84408E+12,3/2/2024,18802,Samsung,GIA DỤNG VIỆT,Điện Thoại Samsung Galaxy A24 (6GB/128GB) - Hàng Chính Hãng,5808000,5808000,0,"[{'label': ' Xanh  '}, {'label': ' Đen'}]",,0,0
219392186,5.9807E+12,3/2/2024,25643,OPPO,GIA DỤNG VIỆT,Điện thoại OPPO CPH2471 - A17k Vàng - Hàng Chính Hãng (chỉ giao HN và một số khu vực),3276000,3276000,0,,,0,0
249169833,9.42022E+12,3/2/2024,18802,Samsung,Nguyễn Kim Official,Điện thoại Samsung Galaxy A34 5G 8GB/128GB Đen - Hàng chính hãng,8490000,7600000,10,,,0,0
191689727,3.58265E+12,3/2/2024,25643,OPPO,GIA DỤNG VIỆT,Điện thoại OPPO CPH2387 - A57 Đen - Hàng Chính Hãng,4284000,4284000,0,,,0,0
181699053,7.04576E+12,3/2/2024,25422,Xiaomi,GIA DỤNG VIỆT,Điện thoại Xiaomi Redmi 9A - Hàng chính hãng,2088000,2088000,0,"[{'label': 'Blue'}, {'label': 'Green'}, {'label': 'Grey'}]",,0,0
242712374,6.91714E+12,3/2/2024,18802,Samsung,MT Smart Official Store ,Điện thoại Samsung Galaxy S23 Ultra 256GB - Hàng chính hãng,31990000,31990000,0,"[{'label': 'Black'}, {'label': 'Cream'}, {'label': 'Green'}, {'label': 'Lavender'}]",,0,0
219400421,8.62458E+12,3/2/2024,25643,OPPO,GIA DỤNG VIỆT,Điện thoại OPPO CPH2471 - A17k Xanh - Hàng Chính Hãng (chỉ giao HN và một số khu vực),3276000,3276000,0,,,0,0
115830124,1.53982E+12,3/2/2024,25422,Xiaomi,GIA DỤNG VIỆT,Điện Thoại Xiaomi Redmi 9A (2GB/32GB)- Đã kích hoạt bảo hành điện tử- Hàng Chính Hãng - Sky Blue,2088000,2088000,0,,,0,0
165747145,1.43809E+12,3/2/2024,25422,Xiaomi,GIA DỤNG VIỆT,"Điện thoại Xiaomi Redmi 9A 2GB/32GB - Chip MediaTek Helio G25 8 nhân (12 nm), Màn hình 6.53"" HD+, Camera 13MP, Pin 5000 - Hàng Chính Hãng",2148000,2148000,0,"[{'label': 'Xanh dương'}, {'label': 'Xanh lam'}, {'label': 'Xám'}]",,0,0
249178196,8.34953E+12,3/2/2024,18802,Samsung,Nguyễn Kim Official,Điện thoại Samsung Galaxy A34 5G 8GB/128GB Xanh - Hàng chính hãng,8490000,7600000,10,,,0,0
251407092,2.08378E+12,3/2/2024,18802,Samsung,GIA DỤNG VIỆT,Điện Thoại Samsung Galaxy A34 5G (8GB/128GB) ĐKH -  Hàng Chính Hãng,7164000,7164000,0,"[{'label': 'Bạc'}, {'label': 'Xanh lá'}, {'label': 'Đen'}]",,0,0
176438864,2.63362E+12,3/2/2024,25422,Xiaomi,GIA DỤNG VIỆT,Điện thoại Xiaomi REDMI 9A (2+32) Xanh dương - Hàng chính hãng (chỉ giao HN và một số khu vực),2088000,2088000,0,,,0,0
192348147,5.92202E+12,3/2/2024,25643,OPPO,GIA DỤNG VIỆT,Điện thoại Oppo A57 (4GB/64GB) - Hàng chính hãng,4284000,4284000,0,"[{'label': 'Xanh ngọc'}, {'label': 'Đen'}]",,0,0
225960096,1.54034E+12,3/2/2024,18802,Samsung,GIA DỤNG VIỆT,Điện Thoại Samsung Galaxy S23+ 5G - Hàng Chính Hãng,25000000,25000000,0,"[{'label': '8GB/256GB'}, {'label': '8GB/512GB'}]",,0,0
191764688,2.97248E+12,3/2/2024,25422,Xiaomi,THẮNG THAO MOBILE,Điện thoại Xiaomi Redmi 10A (2GB/32GB) - Hàng chính hãng,2690000,1790000,33,[{'label': 'Xanh Dương'}],1,1,5
273360836,1.14931E+12,3/2/2024,169013,Ulefone,xuanhongmobile,"Điện thoại Ulefone armor 22(chống nước,chống va đập, Màn hình giọt nước 6,58 inch, RAM:8GB,Rom 128GB/256GB,Thẻ nhớ microSD Lên đến 512GB, Camera kép 64MP + 64MP)- hàng chính hãng",5990000,5990000,0,,,0,0
262589811,2.39612E+12,3/2/2024,18802,Samsung,GIA DỤNG VIỆT,Điện thoại Samsung Galaxy A24 (6GB/128GB) - Hàng chính hãng - ĐÃ KÍCH HOẠT BẢO HÀNH ĐIỆN TỬ,6084000,6084000,0,"[{'label': ' Đen Cá Tính'}, {'label': 'Xanh năng động'}]",,0,0
273388474,4.11516E+12,3/2/2024,169013,Ulefone,xuanhongmobile,Điện thoại chắc chắn Ulefone Power Armor 18T Ultra (chụp ảnh nhiệt Camera FLIR5G 512GB ROM +24GB RAM)- hàng chính hãng,16990000,16990000,0,,,0,0
255866251,3.56833E+12,3/2/2024,18802,Samsung,THẮNG THAO MOBILE,Điện Thoại Samsung A14 4GB/128GB - Hàng Chính Hãng,4490000,3499000,22,"[{'label': 'Màu Trắng'}, {'label': 'Màu Đen'}, {'label': 'Màu Đỏ'}]",,0,0
204872160,2.91798E+12,3/2/2024,25643,OPPO,Long Hưng TechZone,Điện thoại Oppo A17k (3GB/64GB) - Hàng chính hãng,3290000,3290000,0,"[{'label': 'Vàng'}, {'label': 'Xanh'}]",1,0,0
274191773,4.12484E+12,3/2/2024,162007,Tecno,THẮNG THAO MOBILE,"Điện thoại ZTE Libero 5G IV - 4GB/128GB Dimensity 700 , Kháng nước IP67 , Sạc nhanh 22,5W - Mới nguyên seal - Hàng nhập khẩu",2990000,2399000,20,"[{'label': ' Xanh Biển    '}, {'label': ' Đen'}, {'label': 'Màu Trắng'}]",,0,0
273366296,3.73082E+12,3/2/2024,169013,Ulefone,xuanhongmobile,"ulefone Armor 24 (TIÊU CHUẨN MIL-STD-810H ,IP69K, chống nước ,chống sốc,pin 22000mah , màn hình6,78 inch, NFC, Ram24GB(12Gb+12Gb),rom 256GB)-hàng chính hãng ",7990000,7990000,0,,,0,0
271730109,5.7042E+12,3/2/2024,169013,Ulefone,xuanhongmobile,"Điện thoại chắc chắn Ulefone Armor X13, (Ram 12GB(6Gb+6Gb),Rom 64GB,chống nước,chống va đập IP68/IP69K, Android 13,CPU MediaTek Helio G36 Octa Core,Màn hình 6,52 inch, Mạng: 4G, NFC,OTG)-hàng chính hãng",3990000,3990000,0,,3,1,5
273640492,3.05917E+12,3/2/2024,18802,Samsung,GIA DỤNG VIỆT,Điện Thoại Samsung Galaxy A05 (6GB/128GB) - Hàng Chính Hãng,3237000,3237000,0,"[{'label': ' Xanh  '}, {'label': ' Đen'}, {'label': 'Bạc'}]",1,1,5
273685412,8.96907E+12,3/2/2024,18802,Samsung,Long Hưng TechZone,Điện thoại Samsung Galaxy A25 5G (6GB/128GB) - Hàng chính hãng,6590000,6590000,0,[{'label': 'Đen bản lĩnh'}],,0,0
270510406,4.76376E+12,3/2/2024,52232,Vivo,vivo Official Store,Điện thoại Vivo Y36 (8GB/128GB) - Hàng Chính Hãng - Camera 50MP - Sạc Nhanh 44W,6290000,6290000,0,[{'label': 'Đen sao băng'}],2,2,5
271152577,2.03085E+12,3/2/2024,18802,Samsung,HAPPY PHONE,Điện Thoại Samsung Galaxy Z Flip5 5G - Hàng Chính Hãng - Đã kích hoạt bảo hành điện tử,29490000,29490000,0,"[{'label': 'Kem Latte'}, {'label': 'Xanh Mint'}, {'label': 'Xám Indie'}]",1,0,0
249955152,5.76401E+12,3/2/2024,25422,Xiaomi,Long Hưng TechZone,Điện thoại Xiaomi Redmi Note 12 Pro 5G (8GB/256GB) - Hàng chính hãng,9490000,9490000,0,[{'label': 'Xanh thiên thanh'}],2,0,0
272160688,8.09224E+12,3/2/2024,27932,TCL,Tiki Trading,Điện thoại TCL 408 (4GB/64GB) - Hàng Chính Hãng,2790000,2090000,25,"[{'label': ' Xanh  '}, {'label': 'Xám'}]",5,2,4.5
270978486,6.46043E+12,3/2/2024,18802,Samsung,THẮNG THAO MOBILE,Điện thoại Samsung Galaxy M14 5G (6GB/128GB) - Đã kích hoạt bảo hành điện tử - Hàng chính hãng,5690000,3910000,31,"[{'label': 'Bạc'}, {'label': 'Xanh Dương Nhạt'}, {'label': 'Xanh Dương Đậm'}]",,0,0
273244815,5.50142E+12,3/2/2024,18802,Samsung,Nguyễn Kim Official,Điện thoại Samsung Galaxy A23 5G 4GB/128GB Đen - Hàng chính hãng,5990000,5200000,13,,1,0,0
272555368,7.57017E+12,3/2/2024,25422,Xiaomi,HAPPY PHONE,XIAOMI 13T 5G (12GB-256GB) - Hàng chính hãng,11990000,11990000,0,"[{'label': 'Xanh Dương'}, {'label': 'Xanh lá'}]",3,1,5
252428990,6.72178E+12,3/2/2024,162007,Tecno,Tecno Official Store,Điện thoại Tecno SPARK 10 Pro 8GB/256GB - Helio G88 | 5000 mAh | Sạc nhanh 18W | Cảm ứng vân tay - Hàng chính hãng,4490000,4149000,8,"[{'label': ' Đen'}, {'label': 'trắng'}]",20,8,4.6
247823537,4.34945E+12,3/2/2024,247549,Realme,Tiki Trading,Điện thoại Realme C55 (6GB/128GB) - Hàng chính hãng,4790000,3550000,26,[{'label': ' Đen'}],190,58,4.8
247299188,9.90136E+12,3/2/2024,162007,Tecno,THẮNG THAO MOBILE,Điện thoại Tecno Spark Go 2023 4GB/64GB - Hàng chính hãng ,2690000,2048000,24,"[{'label': ' Đen'}, {'label': 'Tím Bora'}, {'label': 'Xanh Lam'}]",23,8,5
273398867,6.03757E+12,3/2/2024,169013,Ulefone,xuanhongmobile,"Điện thoại Ulefone Power Armor 19T (Camera chụp ảnh nhiệt FLIR , RAM 17GB + ROM 256GB , Helio G99,sạc nhanh 66W,pin 9600mAh,chống nước,chống sốc)-hàng chính hãng",12990000,12990000,0,,,0,0
273955111,1.08957E+12,3/2/2024,25643,OPPO,Tiki Trading,Điện Thoại Oppo Reno 10 5G (8GB/128GB) - Hàng Chính Hãng,8990000,8350000,7,[{'label': 'Xanh'}],19,0,0
197214029,1.84051E+12,3/2/2024,17827,Apple,Tiki Trading,Apple iPhone 14,24990000,18940000,24,[{'label': 'Tím'}],544,140,5
249890023,8.31693E+12,3/2/2024,25422,Xiaomi,Hồng Hạnh Mobile,Điện Thoại Xiaomi Redmi Note 12 Pro 5G 8GB/256GB - Hàng Chính Hãng,9490000,7479000,21,[{'label': 'Xanh Thiên Thanh'}],,0,0
273016223,7.76689E+12,3/2/2024,25422,Xiaomi,Hồng Hạnh Mobile,Điện Thoại Xiaomi Redmi A2 2GB/32GB - Hàng Chính Hãng,2190000,1769000,19,"[{'label': ' Đen'}, {'label': 'Xanh Dương'}]",2,0,0
204671569,7.5813E+12,3/2/2024,25643,OPPO,Hồng Hạnh Mobile,Điện Thoại Oppo A17k 3GB/64GB - Hàng Chính Hãng,3290000,2599000,21,"[{'label': ' Xanh  '}, {'label': 'Vàng'}]",3,0,0
263073487,2.82589E+12,3/2/2024,162007,Tecno,Tecno Official Store,Điện thoại Tecno CAMON 20 Pro 8GB/256GB - Camera 64MP + 32MP | Helio G99 | 5000 mAh/ 33W | 6.7'' FHD AMOLED - Hàng Chính Hãng - BH 13 Tháng,5490000,5049000,8,"[{'label': 'Xanh Da Trời'}, {'label': 'Đen Chân Trời'}]",17,9,5
270074304,3.14615E+12,3/2/2024,25422,Xiaomi,Hồng Hạnh Mobile,Điện Thoại Xiaomi Redmi Note 12S 8GB/256GB - Hàng Chính Hãng,6690000,4749000,29,"[{'label': '  Xanh Ngọc Bích   '}, {'label': 'Đen Thạch Anh'}]",4,3,4.3
274099409,1.39288E+12,3/2/2024,25422,Xiaomi,Hồng Hạnh Mobile,Điện Thoại Xiaomi Redmi Note 13 8GB/128GB - Hàng Chính Hãng,5290000,4789000,9,[{'label': 'Đen Bán Dạ'}],1,1,5
273258830,9.8988E+12,3/2/2024,18802,Samsung,Tiki Trading,Điện thoại Samsung Galaxy A05 (4GB/128GB) - Đã kích hoạt bảo hành điện tử - Hàng chính hãng,3050000,2590000,15,"[{'label': 'Bạc'}, {'label': 'Xanh'}, {'label': 'Đen'}]",189,30,4.7
273664463,5.9917E+12,3/2/2024,25643,OPPO,Hồng Hạnh Mobile,Điện Thoại Oppo A18 4GB/128GB - Hàng Chính Hãng,3990000,3619000,9,"[{'label': ' Xanh  '}, {'label': ' Đen'}]",,0,0
270636882,7.72019E+12,3/2/2024,18802,Samsung,Hồng Hạnh Mobile,Điện Thoại Samsung M14 5G 4GB/64GB - Hàng Chính Hãng,4990000,3129000,37,"[{'label': 'Xanh Tinh Tế'}, {'label': 'Xanh Đen Mạnh Mẽ'}]",1,0,0
274116886,5.33998E+12,3/2/2024,25422,Xiaomi,Hồng Hạnh Mobile,Điện Thoại Xiaomi Redmi A2+ 3GB/64GB - Hàng Chính Hãng,2790000,2059000,26,"[{'label': ' Đen'}, {'label': 'Xanh Dương'}]",1,0,0
273411988,8.8007E+12,3/2/2024,25422,Xiaomi,THẮNG THAO MOBILE,"Điện thoại Xiaomi Redmi 13C (6+128GB) | 6.74"" 90Hz| Media Tek Helio G85| 5000mAh - Hàng chính hãng",3490000,2999000,14,"[{'label': ' Xanh Biển    '}, {'label': ' Đen'}, {'label': 'Xanh Lá'}]",1,0,0
273373420,7.05074E+12,3/2/2024,25422,Xiaomi,GiaPhucStore,Điện thoại Xiaomi Redmi 13C (4GB/128GB) - Hàng chính hãng - Bảo hành 18 tháng,2890000,2890000,0,,,0,0
273942001,9.18805E+12,3/2/2024,25422,Xiaomi,Tiki Trading,Điện thoại Xiaomi Redmi Note 13 (6GB/128GB) - Hàng chính hãng,4490000,4090000,9,"[{'label': 'Vàng'}, {'label': 'Xanh'}, {'label': 'Đen'}]",68,16,5
273636845,8.0506E+12,3/2/2024,18802,Samsung,GIA DỤNG VIỆT,Điện Thoại Samsung Galaxy A05 (4GB/64GB) - Hàng Chính Hãng,3025000,3025000,0,"[{'label': ' Xanh  '}, {'label': ' Đen'}, {'label': 'Bạc'}]",,0,0
273430216,8.59135E+12,3/2/2024,169013,Ulefone,xuanhongmobile,"Điện thoại Ulefone Armor 13 (pin khủng,pin 13.200mAh, Ram 8Gb,Rom 256Gb,chống sốc,chống va đập,nội soi,tia hồng ngoại,tia lade,loa to,học online)- hàng chính hãng",9990000,9990000,0,,,0,0
190701486,6.99743E+12,3/2/2024,25643,OPPO,GIA DỤNG VIỆT,Điện Thoại OPPO A57 (4GB/64GB) - Hàng Chính Hãng ,4284000,4284000,0,"[{'label': 'Xanh'}, {'label': 'Đen'}]",,0,0
273127929,8.7844E+12,3/2/2024,25422,Xiaomi,GiaPhucStore,Điện thoại Xiaomi 13T 12GB-256GB - Hàng Chính Hãng,12990000,12990000,0,"[{'label': 'Màu Đen'}, {'label': 'Xanh Dương'}, {'label': 'Xanh Lá'}]",,0,0
251275686,8.11967E+12,3/2/2024,25643,OPPO,GIA DỤNG VIỆT,Điện thoại OPPO A57 4GB/128GB Vàng - Hàng chính hãng,4632000,4632000,0,,,0,0
273440664,5.16735E+12,3/2/2024,25422,Xiaomi,THẮNG THAO MOBILE,"Điện thoại Xiaomi Redmi 12 (8GB/128GB) , Helio G88 , Màn 90HZ - Hàng chính hãng",4790000,3790000,21,"[{'label': ' Xanh Biển    '}, {'label': ' Đen'}, {'label': 'Bạc'}]",,0,0
260406257,6.92306E+12,3/2/2024,112735,Oukitel,xuanhongmobile,"Điện thoại oukitel wp23 ( chống nước,chống va đập,pin 10600mAh,Ram 4Gb.Rom 64Gb,màn hình 6.52 inch,mạng 2,3,4G,Android 13 )-hàng chính hãng",3990000,3990000,0,,2,0,0
274156763,2.60828E+12,3/2/2024,25643,OPPO,Hồng Hạnh Mobile,Điện Thoại Oppo A38 4GB/128GB - Hàng Chính Hãng,4490000,3889000,13,"[{'label': ' Vàng Đồng '}, {'label': ' Đen'}]",,0,0
273438724,1.20501E+12,3/2/2024,18802,Samsung,THẮNG THAO MOBILE,"Điện Thoại Samsung A05s 4GB/128GB , Snapdragon 680 , Sạc nhanh 25W - Hàng Chính Hãng",3990000,3204000,20,"[{'label': ' Đen'}, {'label': 'Bạc'}, {'label': 'Xanh lá (Lục)'}]",,0,0
190544267,3.92904E+12,3/2/2024,25643,OPPO,GIA DỤNG VIỆT,Điện Thoại Oppo A57 4GB/64GB - Hàng Chính Hãng,4284000,4284000,0,"[{'label': 'Xanh'}, {'label': 'Đen'}]",1,0,0
191689878,8.10977E+12,3/2/2024,25643,OPPO,GIA DỤNG VIỆT,Điện thoại OPPO CPH2387 - A57 Xanh - Hàng Chính Hãng,4632000,4632000,0,,,0,0
273252926,8.02901E+12,3/2/2024,25643,OPPO,THẮNG THAO MOBILE,Điện Thoại Oppo A18 (4GB/128GB) - Hàng Chính Hãng,3990000,3990000,0,"[{'label': 'Xanh'}, {'label': 'Đen'}]",,0,0
274166857,7.5255E+12,3/2/2024,18802,Samsung,Long Hưng TechZone,Điện thoại Samsung Galaxy S23 FE (8GB/128GB) - Hàng chính hãng,14890000,14890000,0,"[{'label': 'Cam Tangerine'}, {'label': 'Tím Purple'}, {'label': 'Xanh Mint'}]",,0,0
273373436,5.24125E+12,3/2/2024,25422,Xiaomi,THẮNG THAO MOBILE,Điện thoại Xiaomi Redmi 13C (6GB/128GB) - Hàng chính hãng - Bảo hành 18 tháng,3490000,3090000,11,"[{'label': ' Xanh Biển    '}, {'label': ' Xanh Lục  '}, {'label': ' Đen'}]",1,1,5
273359059,2.15774E+12,3/2/2024,112735,Oukitel,xuanhongmobile,"Điện Thoại Chắc Chắn OUKITEL WP23 PRO ( Ram 16Gb(8GB+8Gb),Rom 128GB ,Android13, Pin 10600mAh,Màn hình 6.52 ""HD + ,13MP camera Sau,chống nước,chống va đập)-hàng chính hãng",4990000,4990000,0,,,0,0
274316885,1.90871E+12,3/2/2024,25422,Xiaomi,HAPPY PHONE,Điện Thoại Xiaomi POCO X6 5G 8GB-256GB - Hàng chính hãng,9990000,9990000,0,"[{'label': ' Xanh  '}, {'label': ' Đen'}, {'label': 'Trắng '}]",,0,0
271134741,2.62395E+12,3/2/2024,18802,Samsung,Long Hưng TechZone,Điện thoại Samsung Galaxy Z Flip5 (8GB/512GB) - Hàng chính hãng,29990000,17639000,41,"[{'label': 'Kem Latte'}, {'label': 'Tím Fancy'}, {'label': 'Xám Indie'}]",,0,0
262514707,1.83092E+12,3/2/2024,25422,Xiaomi,Long Hưng TechZone,Điện thoại Xiaomi Redmi Note 12 Pro (8GB/256GB) - Hàng chính hãng,7990000,7990000,0,"[{'label': 'Xanh sông băng'}, {'label': 'Xám khoáng thạch'}]",1,0,0
272179114,9.50338E+12,3/2/2024,27932,TCL,Tiki Trading,Điện Thoại TCL 40SE (6GB/256GB) - Hàng Chính Hãng,3990000,2990000,25,"[{'label': 'Màu Tím'}, {'label': 'Màu Xám'}]",4,1,5
272909668,6.07639E+12,3/2/2024,52232,Vivo,vivo Official Store,"[Mới] Điện thoại vivo V29e 5G (8GB/256GB) - Hàng Chính Hãng - Camera Selfie 50 MP - Vòng Sáng Aura 2.0 - Màn hình AMOLED 6.67""",8990000,8690000,3,"[{'label': 'Xanh Sông Băng'}, {'label': 'Đen Đại Ngàn'}]",2,1,4
270832077,8.45945E+12,3/2/2024,25422,Xiaomi,GiaPhucStore,Điện thoại Xiaomi Redmi 12 (4GB-128GB) - Hàng Chính Hãng,3890000,3890000,0,"[{'label': 'Màu Bạc'}, {'label': 'Màu Xanh'}, {'label': 'Màu Đen'}]",1,0,0
261946899,7.19194E+12,3/2/2024,18802,Samsung,THẮNG THAO MOBILE,Điện Thoại Samsung Galaxy A14 (6GB/128GB) - Hàng Chính Hãng,4990000,3790000,24,"[{'label': ' Đen'}, {'label': 'Đỏ Đô'}]",,0,0
248704404,1.54537E+12,3/2/2024,18802,Samsung,GIA DỤNG VIỆT,Điện Thoại Samsung Galaxy A14 (4GB/128GB) - Hàng Chính Hãng,3672000,3672000,0,"[{'label': 'Bạc'}, {'label': 'Đen'}, {'label': 'Đỏ'}]",1,0,0
249156531,7.14699E+12,3/2/2024,247549,Realme,Nguyễn Kim Official,Điện thoại Realme C55 6GB/128GB Vàng nắng mai - Hàng chính hãng,4990000,4680000,6,,,0,0
225228869,9.89881E+12,3/2/2024,18802,Samsung,Nguyễn Kim Official,Điện thoại Samsung Galaxy S23 Ultra 8GB/256GB Xanh lục - Hàng chính hãng,31990000,28330000,11,,,0,0
257682739,7.61043E+12,3/2/2024,18802,Samsung,Tiki Trading,Điện thoại Samsung Galaxy A04 (3GB/32GB) - Đã kích hoạt bảo hành điện tử -  Hàng chính hãng,2990000,1999000,33,"[{'label': 'Xanh'}, {'label': 'Đen'}, {'label': 'Đồng'}]",98,12,4.3
271966786,3.57719E+12,3/2/2024,17827,Apple,Tiki Trading,Apple iPhone 15,22490000,19490000,13,"[{'label': ' Đen'}, {'label': 'Vàng'}, {'label': 'Xanh Dương'}, {'label': 'Xanh Lá'}]",359,57,5
270160350,6.25527E+12,3/2/2024,25643,OPPO,Tiki Trading,Điện Thoại Oppo A78 8GB/256GB - Hàng Chính Hãng ,6990000,6190000,11,[{'label': ' Xanh  '}],24,6,4.8
273610368,6.2736E+12,3/2/2024,18802,Samsung,Tiki Trading,Điện Thoại Samsung Galaxy A25 5G (6GB/128GB) - Hàng chính hãng,6590000,5490000,17,"[{'label': 'Vàng Cá Tính'}, {'label': 'Xanh Lạc Quan'}, {'label': 'Đen Bản Lĩnh'}]",8,1,4
273774937,4.50021E+12,3/2/2024,18802,Samsung,HAPPY PHONE,Điện thoại Samsung Galaxy A15 (8GB/128GB) - Hàng chính hãng - Đã kích hoạt bảo hành điện tử,4990000,4990000,0,"[{'label': 'Vàng'}, {'label': 'Xanh Dương'}, {'label': 'Xanh đen'}]",3,0,0
270683809,4.46921E+12,3/2/2024,18802,Samsung,Tiki Trading,Điện thoại Samsung Galaxy Z Flip 5 - Hàng chính hãng,29990000,24990000,17,[{'label': '8GB/512GB'}],21,3,5
198858451,1.92591E+12,3/2/2024,18802,Samsung,Long Hưng TechZone,Điện thoại Samsung Galaxy A04s (4GB/64GB) - Hàng chính hãng,3990000,3990000,0,[{'label': 'Xanh dương xỉ'}],11,2,5
244303202,2.32535E+12,3/2/2024,18802,Samsung,GIA DỤNG VIỆT,Điện Thoại Samsung A14 4GB/128GB - Hàng Chính Hãng,3489000,3489000,0,"[{'label': ' Trắng Pearl'}, {'label': ' Đen Midnight'}, {'label': ' Đỏ Burgundy'}]",2,1,5
253407100,4.3118E+12,3/2/2024,247549,Realme,Hồng Hạnh Mobile,Điện Thoại Realme C55 6GB/128GB - Hàng Chính Hãng,4990000,3769000,24,"[{'label': 'Vàng Nắng Mai'}, {'label': 'Đen Trời Đêm'}]",4,2,5
271494404,8.8122E+12,3/2/2024,162007,Tecno,THẮNG THAO MOBILE,"Điện thoại Tecno POVA 5 (8GB+8GB/128GB) RAM mở rộng 16GB | Pin 6000 mAh | Màn 120Hz - Sạc nhanh 45W - Hàng Chính Hãng			 				",4490000,3890000,13,"[{'label': ' Xanh Biển    '}, {'label': ' Đen'}, {'label': 'Gold'}]",5,0,0
270736028,5.90998E+12,3/2/2024,18802,Samsung,Tiki Trading,Điện thoại Samsung Galaxy Z Fold 5 - Hàng chính hãng,44990000,36990000,18,[{'label': '12GB/ 512GB'}],9,6,5
273718967,2.05814E+12,3/2/2024,18802,Samsung,Hồng Hạnh Mobile,Điện Thoại Samsung A15 8GB/128GB - Hàng Chính Hãng,4990000,4399000,12,"[{'label': 'Vàng Cá Tính  '}, {'label': 'Đen Bản Lĩnh  '}]",3,1,5
272270730,7.0442E+12,3/2/2024,18802,Samsung,GIA DỤNG VIỆT,Điện thoại Samsung Galaxy A05 (4GB/128GB) - Hàng chính hãng ,3089000,3089000,0,"[{'label': 'Bạc'}, {'label': 'Xanh'}, {'label': 'Đen'}]",,0,0
263274580,6.14165E+12,3/2/2024,18802,Samsung,THẮNG THAO MOBILE,Điện thoại Samsung Galaxy M14 5G (4GB/64GB) - Hàng chính hãng - Đã kích hoạt bảo hành điện tử,3990000,2832000,29,"[{'label': ' Xanh  '}, {'label': 'Bạc'}, {'label': 'Xanh đậm'}]",4,1,5
272348047,3.43461E+12,3/2/2024,18802,Samsung,Hồng Hạnh Mobile,Điện Thoại Samsung A05s 4GB/128GB - Hàng Chính Hãng,3990000,3259000,18,"[{'label': ' Xanh  '}, {'label': ' Đen'}]",28,12,5
274179544,5.28571E+12,3/2/2024,247549,Realme,Tiki Trading,Điện thoại Realme C51 (6GB/256GB) - Hàng Chính Hãng,4190000,3590000,14,[{'label': 'Đen'}],,0,0
271118390,8.55601E+12,3/2/2024,25643,OPPO,HAPPY PHONE,Điện thoại OPPO Reno10 5G (8GB/256GB) - Hàng Chính Hãng,10990000,10990000,0,"[{'label': ' Xanh  '}, {'label': 'Xám'}]",18,8,5
247016383,2.98886E+12,3/2/2024,25422,Xiaomi,THẮNG THAO MOBILE,Điện Thoại Xiaomi Redmi 12C 4GB/64GB - Hàng Chính Hãng,3490000,2459000,30,"[{'label': 'Màu Xanh dương'}, {'label': 'Xanh Lá'}, {'label': 'Xám than chì'}]",6,4,4.3
212040697,4.15467E+12,3/2/2024,18802,Samsung,HAPPY PHONE,Điện Thoại Samsung Galaxy A04 (3GB/32GB) - Hàng Chính Hãng - Đã kích hoạt bảo hành điện tử,2990000,2990000,0,"[{'label': 'Đen'}, {'label': 'Đồng'}]",37,9,4.8
263073555,1.91534E+12,3/2/2024,162007,Tecno,Tecno Official Store,Điện thoại Tecno CAMON 20 8GB/256GB - Camera 64MP + 32MP | 5000 mAh | Sạc nhanh 33W | 6.7'' FHD AMOLED - BH 13 Tháng - Hàng Chính Hãng,4990000,4590000,8,"[{'label': 'Xanh Da Trời'}, {'label': 'Đen Chân Trời'}]",13,6,4.8
230157205,3.68401E+12,3/2/2024,25422,Xiaomi,THẮNG THAO MOBILE,Điện thoại Xiaomi Redmi Note 10T 5G 4GB/64GB - Màn 90HZ - Chống Nước IP68 - Hàng Nhập Khẩu - Bản quốc tế,4190000,2590000,38,[{'label': 'Xám'}],68,28,5
273958512,4.92894E+12,3/2/2024,25422,Xiaomi,Long Hưng TechZone,Điện thoại Xiaomi Redmi Note 13 (6GB/128GB) - Hàng chính hãng,4890000,4890000,0,"[{'label': 'Hoàng hôn trên biển'}, {'label': 'Xanh bạc hà'}, {'label': 'Đen bán dạ'}]",,0,0
273185467,5.12744E+12,3/2/2024,18802,Samsung,GIA DỤNG VIỆT,Điện thoại Samsung A05 4GB - hàng chính hãng,3112000,3112000,0,"[{'label': ' Đen'}, {'label': 'Bạc (Silver)'}, {'label': 'Xanh vàng'}]",,0,0
274065746,3.16957E+12,3/2/2024,112735,Oukitel,xuanhongmobile,"Điện thoại siêu bền Oukitel WP33 Pro 5G (Loa to 136 dB (5W) ,Pin 22000mAh,màn hình 6,6 inch FHD+,Ram 24GB(8+16),Rom 256GB, Camera 64MP,sạc nhanh 33W)- hàng chính hãng",8990000,8990000,0,,,0,0
273389282,7.25912E+12,3/2/2024,169013,Ulefone,xuanhongmobile,"Điện Thoại ulefone armor 21(Loa to 122dB Speaker ,pin 9600mAh,sạc nhanh 33W,Màn hình 6.58 in,camera chính 64MP,ban đêm 24MP,Ram 16Gb(8+8),rom 256Gb, điều khiển từ xa đa năng)- hàng chính hãng",6990000,6990000,0,,,0,0
273595363,5.20263E+12,3/2/2024,112735,Oukitel,xuanhongmobile,"Oukitel wp30 Pro 5g SIÊU BỀN (sạc nhanh 120W ,pin 11000 mAh,màn hình 6.78 inch,Ram 24 GB(12gb + 12GB),Rom 512GB ,120Hz ,Android 13,camera 108mp)- hàng chính hãng",11990000,11990000,0,,1,0,0
244167098,4.09213E+12,3/2/2024,25422,Xiaomi,GIA DỤNG VIỆT,Điện thoại Xiaomi Redmi 12C (4GB/64GB) - Hàng chính hãng,3168000,3168000,0,"[{'label': 'Xanh Dương'}, {'label': 'Xám'}]",,0,0
248754839,7.20343E+12,3/2/2024,25643,OPPO,GIA DỤNG VIỆT,Điện Thoại OPPO A17K (3GB/64GB) - Hàng Chính Hãng,3276000,3276000,0,"[{'label': 'Vàng'}, {'label': 'Xanh Dương'}]",,0,0
248799307,7.44392E+12,3/2/2024,25422,Xiaomi,Long Hưng TechZone,Điện thoại Xiaomi 13 Lite (8GB/256GB) - Hàng chính hãng,11490000,11490000,0,[{'label': 'Xanh mây trời'}],,0,0
175967811,3.75968E+12,3/2/2024,18802,Samsung,GIA DỤNG VIỆT,Điện Thoại Samsung Galaxy S20 FE 256GB | 8GB - Hàng Chính Hãng ,8625000,8625000,0,[{'label': 'Xanh Mint'}],2,1,5
68693081,3.89336E+12,3/2/2024,18802,Samsung,GIA DỤNG VIỆT,Điện Thoại Samsung Galaxy S20 FE - Hàng Chính Hãng,8625000,8625000,0,[{'label': 'Xanh Thanh Mát'}],1,0,0
273553649,6.21092E+12,3/2/2024,25643,OPPO,Long Hưng TechZone,Điện thoại Oppo A18 - Hàng chính hãng,3690000,3499000,5,"[{'label': 'Xanh'}, {'label': 'Đen'}]",,0,0
272163749,2.31753E+12,3/2/2024,27932,TCL,Tiki Trading,Điện Thoại TCL 40SE (4GB/128GB) - Hàng Chính Hãng,3390000,2590000,24,"[{'label': 'Màu Tím'}, {'label': 'Màu Xám'}]",5,0,0
271077134,6.5508E+12,3/2/2024,247549,Realme,Tiki Trading,Điện thoại Realme 11 Pro (8GB/256GB) - Hàng chính hãng,11990000,7990000,33,[{'label': 'Xanh lá'}],8,1,5
272273169,4.40215E+12,3/2/2024,18802,Samsung,Tiki Trading,Điện thoại Samsung Galaxy M34 5G (8GB/128GB) - Hàng chính hãng,7990000,6490000,19,"[{'label': 'Xanh nhạt'}, {'label': 'Xanh đậm'}]",7,0,0
242771940,7.17262E+12,3/2/2024,18802,Samsung,Hồng Hạnh Mobile,Điện Thoại Samsung A04e 3GB/32GB - Hàng Chính Hãng,2990000,2129000,29,"[{'label': ' Đồng Ánh Hồng'}, {'label': 'Xanh Thời Thượng'}, {'label': 'Đen Tinh Vân'}]",1,0,0
197214015,1.81339E+12,3/2/2024,17827,Apple,Tiki Trading,Apple iPhone 14 Plus,27990000,19490000,30,"[{'label': 'Trắng'}, {'label': 'Tím'}, {'label': 'Xanh'}]",374,133,5
248590019,5.10286E+12,3/2/2024,25422,Xiaomi,THẮNG THAO MOBILE,Điện thoại Xiaomi Redmi 12C (3GB/32GB) - Hàng chính hãng,3590000,2049000,43,"[{'label': ' Xanh Ngọc Lam'}, {'label': 'Xám'}]",55,15,5
198671718,2.658E+12,3/2/2024,18802,Samsung,HAPPY PHONE,Điện Thoại Samsung Galaxy A04s (4GB/64GB) - Hàng Chính Hãng - Đã kích hoạt bảo hành điện tử,3990000,3990000,0,"[{'label': 'Xanh lá'}, {'label': 'Đen'}, {'label': 'Đồng'}]",98,23,5
230155305,1.90113E+12,3/2/2024,25422,Xiaomi,THẮNG THAO MOBILE,Điện thoại Xiaomi Redmi Note 10 JE 5G 4GB/64GB - Màn 90HZ - Chống Nước IP68 - Hàng Nhập Khẩu - Bản quốc tế,3990000,2390000,40,"[{'label': 'Bạc'}, {'label': 'Xám'}]",113,42,4.7
270164674,8.60493E+12,3/2/2024,25643,OPPO,HAPPY PHONE,Điện thoại OPPO A78 (8GB/256GB) - Hàng Chính Hãng,6990000,6990000,0,"[{'label': ' Xanh  '}, {'label': ' Đen'}]",9,3,4.7
273186911,1.24869E+12,3/2/2024,25643,OPPO,Nguyễn Kim Official,Điện thoại OPPO A58 6GB/128GB Đen - Hàng chính hãng,4990000,4890000,2,,,0,0
273186946,3.1132E+12,3/2/2024,25643,OPPO,Nguyễn Kim Official,Điện thoại OPPO A58 6GB/128GB Xanh - Hàng chính hãng,4990000,4890000,2,,,0,0
249168300,9.80552E+12,3/2/2024,25643,OPPO,Nguyễn Kim Official,Điện thoại OPPO A57 4GB/128GB Đen - Hàng chính hãng,4990000,4890000,2,,1,1,5
270975124,7.69267E+12,3/2/2024,25643,OPPO,Tiki Trading,Điện Thoại Oppo A58 6GB/128GB - Hàng Chính Hãng ,4990000,4150000,17,"[{'label': 'Xanh'}, {'label': 'Đen'}]",21,4,5
270473116,4.83042E+12,3/2/2024,25422,Xiaomi,Long Hưng TechZone,Điện thoại Xiaomi Redmi Note 12 (8GB/128GB) - Hàng chính hãng,5790000,4489000,22,"[{'label': 'Sunrise Gold'}, {'label': 'Xanh băng tuyết'}, {'label': 'Xanh bạc hà'}, {'label': 'Xám thạch anh'}]",1,0,0
250109584,5.99196E+12,3/2/2024,25422,Xiaomi,HAPPY PHONE,Điện thoại Xiaomi Redmi Note 12 (4GB/128GB) - Hàng chính hãng,3790000,3790000,0,[{'label': 'Xám'}],203,68,4.8
246163082,6.49925E+12,3/2/2024,19673,Nokia,Hồng Hạnh Mobile,Điện Thoại Nokia C30 2GB/32GB - Hàng Chính Hãng,2290000,1669000,27,[{'label': ' Xanh Lục  '}],,0,0
272273680,7.1512E+12,3/2/2024,18802,Samsung,THẮNG THAO MOBILE,Điện thoại Samsung Galaxy A05s (4GB/128GB) - Hàng chính hãng ,4290000,3204000,25,"[{'label': 'Bạc'}, {'label': 'Xanh'}, {'label': 'Đen'}]",,0,0
244308977,8.83064E+12,3/2/2024,25422,Xiaomi,Hồng Hạnh Mobile,Điện Thoại Xiaomi Redmi 12C 4GB/64GB - Hàng Chính Hãng,3590000,2489000,31,[{'label': 'Xanh Bạc Hà'}],9,5,4.8
198968094,4.68543E+12,3/2/2024,25422,Xiaomi,Hồng Hạnh Mobile,Điện Thoại Xiaomi Redmi A1 2GB/32GB - Hàng Chính Hãng,2190000,1789000,18,"[{'label': ' Đen'}, {'label': 'Xanh Dương'}, {'label': 'Xanh Lá'}]",9,2,5
273438769,7.15424E+12,3/2/2024,25422,Xiaomi,THẮNG THAO MOBILE,"Điện thoại Xiaomi Redmi A2 MediaTek Helio G36 , Pin 5000 mAh - Hàng chính hãng",2190000,1769000,19,"[{'label': ' Xanh Biển    '}, {'label': ' Đen'}]",2,0,0
249890677,1.25521E+12,3/2/2024,25422,Xiaomi,Hồng Hạnh Mobile,Điện Thoại Xiaomi Redmi Note 12 4GB/128GB - Hàng Chính Hãng,4990000,3589000,28,"[{'label': 'Xanh Bạc Hà'}, {'label': 'Xám Thạch Anh'}]",127,50,4.8
205846229,2.84881E+12,3/2/2024,25643,OPPO,GIA DỤNG VIỆT,Điện Thoại Oppo A57 4GB/128GB - Hàng Chính Hãng,4361000,4361000,0,[{'label': 'Vàng'}],,0,0
271046571,5.969E+12,3/2/2024,25422,Xiaomi,Tiki Trading,Điện thoại Xiaomi Redmi Note 12 (8GB/128GB) - Hàng chính hãng,4530000,3850000,15,"[{'label': 'Vàng'}, {'label': 'Xanh Dương'}, {'label': 'Xanh lá'}, {'label': 'Xám'}]",825,60,5
271973414,7.60131E+12,3/2/2024,17827,Apple,Tiki Trading,Apple iPhone 15 Pro Max,33790000,31490000,7,"[{'label': 'Titan Trắng'}, {'label': 'Titan Tự Nhiên'}, {'label': 'Titan Xanh'}]",778,118,5
202035122,6.01259E+12,3/2/2024,111461,OEM,ATDTECH,"[HCM]Ốp Lưng IPHONE Cường Lực Trong Suốt Cao Cấp Cho Dòng Iphone 14/14Pro/14Plus/14 Pro Max, Iphone 13Mini/13Pro/13ProMax, Iphone 12/12Pro/12Promax, Iphone 11/11Pro/11ProMax- Hàng nhập khẩu",110000,110000,0,"[{'label': 'Apple iPhone 12'}, {'label': 'Apple iPhone 12 Pro'}, {'label': 'Apple iPhone 12 Pro Max'}, {'label': 'Apple iPhone 12 mini'}, {'label': 'Apple iPhone 13'}, {'label': 'Apple iPhone 13 Mini'}, {'label': 'Apple iPhone 13 Pro'}, {'label': 'IPhone 13 Pro Max'}, {'label': 'Iphone 14'}, {'label': 'Iphone 14 Plus'}, {'label': 'Iphone 14 Pro'}, {'label': 'Iphone 14 ProMax'}]",,0,0
273438458,3.02055E+12,3/2/2024,18802,Samsung,THẮNG THAO MOBILE,Điện thoại Samsung Galaxy A05 (4GB/128GB)- Helio G85 - Sạc nhanh 25W - Hàng chính hãng,3090000,2659000,14,"[{'label': ' Đen'}, {'label': 'Bạc'}, {'label': 'Xanh lá nhạt'}]",3,0,0
196348143,4.94619E+12,3/2/2024,25643,OPPO,GIA DỤNG VIỆT,Điện Thoại OPPO A57 (4GB/64GB) - Hàng Chính Hãng ,4284000,4284000,0,"[{'label': 'Xanh ngọc'}, {'label': 'Đen'}]",,0,0
242657652,2.30283E+12,3/2/2024,18802,Samsung,MT Smart Official Store ,Điện thoại Samsung Galaxy S23 Plus 256GB - Hàng chính hãng,26990000,26990000,0,[{'label': 'Black'}],,0,0
273511450,2.85458E+12,3/2/2024,25422,Xiaomi,GiaPhucStore,Điện thoại Xiaomi Redmi 12 8GB/128GB - Hàng Chính Hãng,4390000,4390000,0,"[{'label': 'Màu Bạc'}, {'label': 'Màu Xanh'}, {'label': 'Màu Đen'}]",,0,0
207883258,6.92487E+12,3/2/2024,112735,Oukitel,xuanhongmobile,"Điện thoại oukitel  wp21 (Ram 12Gb,Rom 256Gb ,chống sốc,chống nước,pin khủng, pin 9.800mAh) - hàng chính hãng",10990000,10990000,0,,,0,0
230055130,9.26687E+12,3/2/2024,25643,OPPO,GIA DỤNG VIỆT,Điện thoại Oppo Reno8 T (8GB/256GB) - Hàng chính hãng,10392000,10392000,0,[{'label': 'Cam hoàng hôn'}],,0,0
274316036,6.76578E+12,3/2/2024,18802,Samsung,HAPPY PHONE,Điện Thoại Samsung Galaxy M34 5G 8GB-128GB - Hàng chính hãng,7990000,7990000,0,"[{'label': ' Đen'}, {'label': 'Xanh đen'}]",,0,0
251514670,8.81876E+12,3/2/2024,25422,Xiaomi,GIA DỤNG VIỆT,"Điện thoại Xiaomi Redmi Note 12 (4GB/128GB) Màn AMOLED 120HZ, Snapdragon 685 , Sạc 33W - Hàng chính hãng",3600000,3600000,0,"[{'label': 'Xanh Lá'}, {'label': 'Xanh biển'}, {'label': 'Xám'}]",2,0,0
252423003,5.93636E+12,3/2/2024,162007,Tecno,Tecno Official Store,Điện thoại Tecno SPARK 10 4GB/128GB - Camera 50MP | 5000 mAh | Sạc nhanh 18W | Cảm ứng vân tay - Hàng chính hãng,3190000,3190000,0,"[{'label': ' Đen'}, {'label': 'Xanh Dương'}]",24,6,4.3
258373871,9.12693E+12,3/2/2024,111684,Itel,Itel Official,Điện Thoại Itel S23 128GB/16GB (8GB+8GB) | Pin 5000mAh | 6.6 Inch | Camera 50MP | 90Hz | Face ID - Hàng chính Hãng,3490000,2390000,32,"[{'label': 'Trắng'}, {'label': 'Đen'}]",38,16,4.5
245770248,7.80497E+12,3/2/2024,25422,Xiaomi,Long Hưng TechZone,Điện thoại Xiaomi Redmi 12C (4GB/64GB) - Hàng chính hãng,3590000,3590000,0,"[{'label': 'Xanh đại dương'}, {'label': 'Xám than chì'}]",1,0,0
208171115,8.67207E+12,3/2/2024,112735,Oukitel,xuanhongmobile,"Điện thoại OUKITEL WP18 (Chống nước ,chống va đập, pin khủng 12500mAh, Ram 4GB ,Rom 32GB ,màn hình 5.93 inch,Điện thoại chắc chắn) – HÀNG CHÍNH HÃNG",3990000,3990000,0,,4,1,5
168317790,2.40256E+12,3/2/2024,25422,Xiaomi,GIA DỤNG VIỆT,Điện Thoại Xiaomi Redmi 9A (2GB/32GB)- Đã kích hoạt bảo hành điện tử- Hàng Chính Hãng - Peacock Green,2088000,2088000,0,,,0,0
272577532,5.48792E+12,3/2/2024,7355445,Redmagic,RedMagic Official,Điện thoại Gaming Nubia Neo | 18(8+10)GB/256GB | 6.6'' FHD+ 120Hz | Unisoc T820 | Sạc 22.5W | Hàng Chính Hãng,5290000,5290000,0,"[{'label': 'Black/Đen'}, {'label': 'Gold/Vàng'}]",10,5,4.8
221274391,6.83844E+12,3/2/2024,162007,Tecno,THẮNG THAO MOBILE,"Điện thoại Tecno SPARK GO 2023 4GB/64GB - Helio A22 | 5000 mAh | 6,6"" HD+| Cảm ứng vân tay | Hàng chính hãng | Bảo hành chính hãng 13 tháng",3290000,2048000,38,"[{'label': 'Xanh Chân Trời'}, {'label': 'Đen Bất Tận'}]",17,3,4.7
272113804,7.09647E+12,3/2/2024,52232,Vivo,vivo Official Store,[MỚI] Điện thoại vivo Y17s - Hàng chính hãng - Camera 50MP - Pin 5000 mAh - Sạc nhanh- RAM mở rộng đến 8GB,3990000,3790000,5,"[{'label': 'Tím sao băng'}, {'label': 'Xanh rừng rậm'}]",5,1,5
207947529,9.80922E+12,3/2/2024,52232,Vivo,vivo Official Store,Điện Thoại vivo Y02 (2GB/32GB) - Hàng Chính Hãng,2790000,2390000,14,[{'label': 'Tím'}],,0,0
273947785,9.45546E+12,3/2/2024,18802,Samsung,Tiki Trading,"Điện thoại AI Samsung Galaxy S24+, Camera 50MP, Màn hình 6.7""- Hàng Chính Hãng",27490000,20990000,24,"[{'label': 'Tím'}, {'label': 'Xám'}, {'label': 'Đen'}]",8,0,0
250113073,8.23688E+12,3/2/2024,25422,Xiaomi,GIA DỤNG VIỆT,Điện thoại Xiaomi Redmi Note 12 Pro 5G (8GB/256GB) - Hàng chính hãng ,9000000,9000000,0,[{'label': 'Đen'}],,0,0
273165324,4.10453E+12,3/2/2024,25422,Xiaomi,Long Hưng TechZone,Điện thoại Xiaomi Redmi A2 (2GB/32GB) - Hàng chính hãng,2190000,2190000,0,[{'label': 'Xanh Dương'}],,0,0
270875813,7.53518E+12,3/2/2024,25643,OPPO,Tiki Trading,Điện Thoại Oppo Reno 10 5G (8GB/256GB) - Hàng Chính Hãng,10990000,9550000,13,[{'label': 'Xám'}],25,10,5
272161147,8.10298E+12,3/2/2024,27932,TCL,Tiki Trading,Điện Thoại TCL 408 (4GB/128GB) - Hàng Chính Hãng,2990000,2250000,25,[{'label': 'Xám'}],9,1,4
248762051,4.98918E+12,3/2/2024,18802,Samsung,GIA DỤNG VIỆT,Điện Thoại Samsung A34 5G 8GB/128GB - Hàng Chính Hãng,7164000,7164000,0,"[{'label': 'Bạc Bất Bại'}, {'label': 'Xanh Dũng Mãnh'}, {'label': 'Đen Chiến Binh'}]",1,0,0
273951550,6.07563E+12,3/2/2024,18802,Samsung,Tiki Trading,Điện Thoại Samsung Galaxy A15 LTE (8GB/128GB)- Đã Kích Hoạt Bảo Hành Điện tử - Hàng Chính Hãng,4990000,4290000,14,[{'label': 'Xanh Lạc Quan'}],19,4,5
271967379,6.75097E+12,3/2/2024,17827,Apple,Tiki Trading,Apple iPhone 15 Plus,25990000,22490000,13,[{'label': 'Xanh Lá'}],168,21,4.8
274162900,3.28749E+12,3/2/2024,25643,OPPO,HAPPY PHONE,Điện thoại OPPO A18 4GB-128GB - Hàng chính hãng,3990000,3990000,0,"[{'label': ' Xanh  '}, {'label': ' Đen'}]",,0,0
273683300,5.86003E+12,3/2/2024,18802,Samsung,Long Hưng TechZone,Điện thoại Samsung Galaxy A15 LTE (8GB/128GB) - Hàng chính hãng,4990000,4990000,0,"[{'label': 'Xanh lạc quan'}, {'label': 'Đen bản lĩnh'}]",,0,0
272241346,7.43842E+12,3/2/2024,18802,Samsung,Long Hưng TechZone,Điện thoại Samsung Galaxy A05s (4GB/128GB) - Hàng chính hãng,3990000,3990000,0,"[{'label': 'Bạc sỉu'}, {'label': 'Xanh Matcha'}, {'label': 'Đen đá'}]",,0,0
203278278,5.52035E+12,3/2/2024,18802,Samsung,Hồng Hạnh Mobile,Điện Thoại Samsung A04 3GB/32GB - Hàng Chính Hãng,2990000,2119000,29,"[{'label': 'Xanh Dương Xỉ'}, {'label': 'Đen Tinh Vân'}, {'label': 'Đồng Ánh Hồng'}]",55,14,5
273471515,7.64858E+12,3/2/2024,247549,Realme,THẮNG THAO MOBILE,Điện Thoại Realme C51 3GB/64GB - Hàng Chính Hãng,2990000,2990000,0,[{'label': ' Đen'}],1,0,0
203853390,8.4192E+12,3/2/2024,25643,OPPO,Tiki Trading,Điện Thoại Oppo A17k (3GB/64GB) - Hàng Chính Hãng,3290000,2390000,27,"[{'label': 'Vàng'}, {'label': 'Xanh Dương'}]",8382,80,5
273668660,6.10861E+12,3/2/2024,25643,OPPO,Hồng Hạnh Mobile,Điện Thoại Oppo A18 4GB/64GB - Hàng Chính Hãng,3690000,3319000,10,"[{'label': ' Xanh  '}, {'label': ' Đen'}]",2,1,5
272151221,1.51137E+12,3/2/2024,25422,Xiaomi,Tiki Trading,Điện thoại Xiaomi Redmi 10 2022 (4GB/128GB) - Hàng chính hãng,3990000,2750000,31,"[{'label': 'Xanh'}, {'label': 'Xám'}]",60,12,4.6
273367316,9.85448E+12,3/2/2024,25422,Xiaomi,Hồng Hạnh Mobile,Điện Thoại Xiaomi Redmi 13C 6GB/128GB - Hàng Chính Hãng,3490000,3059000,12,"[{'label': 'Xanh Cỏ Ba Lá'}, {'label': 'Xanh Hải Quân'}, {'label': 'Đen Bán Dạ'}]",10,4,4.3
270814388,4.60747E+12,3/2/2024,162007,Tecno,Tecno Official Store,Điện thoại Tecno POVA 5 (8+8)/128GB - MediaTek Helio G99 - Sạc nhanh 45W - 6.8'' FHD+120HZ - Hàng Chính Hãng - BH 13 Tháng,4490000,3849000,14,[{'label': 'Vàng Hổ Phách'}],70,25,5
273440662,3.49887E+12,3/2/2024,25422,Xiaomi,THẮNG THAO MOBILE,"Điện thoại Xiaomi Redmi 12 (4GB/128GB) , Helio G88 , Màn 90HZ - Hàng chính hãng",4290000,3790000,12,"[{'label': ' Xanh Biển    '}, {'label': ' Đen'}, {'label': 'Bạc'}]",,0,0
273454566,1.86376E+12,3/2/2024,25422,Xiaomi,THẮNG THAO MOBILE,Điện thoại Xiaomi POCO C65 (6GB/128GB) - Helio G85 - Màn 90HZ - Hàng chính hãng,3990000,2990000,25,"[{'label': ' Xanh Biển    '}, {'label': ' Đen Cá Tính'}, {'label': 'Tím Tinh Vân'}]",2,0,0
273359931,4.26308E+12,3/2/2024,112735,Oukitel,xuanhongmobile,"Điện Thoại Thông Minh siêu bền Oukitel WP27 (Ram 12GB,Rom 256GB,Màn hình 6.78 “FHD + ,pin 8300MAH,NFC, Android 13 ,CPU MTK G99,chống nước,chống sốc) –hàng chính hãng",6990000,6990000,0,,,0,0
188084558,7.02071E+12,3/2/2024,169013,Ulefone,xuanhongmobile,"Điện thoại Ulefone armor 14 (Ram 4Gb,Rom 64Gb, Pin khủng,pin 10.000mAh,sạc không dây,chống nước,chống va đập,Màn hình 6,52 Inch,camera 20MP) – hàng chính hãng",6990000,6990000,0,,,0,0
219397711,9.72735E+12,3/2/2024,18802,Samsung,GIA DỤNG VIỆT,Điện thoại Samsung Galaxy A14 5G A146P (4+128G) Đen - Hàng Chính Hãng (chỉ giao HN và một số khu vực),5080000,5080000,0,,,0,0
215746882,7.17838E+12,3/2/2024,25643,OPPO,GIA DỤNG VIỆT,Điện thoại OPPO Reno8T 4G - Hàng chính hãng,8136000,8136000,0,[{'label': ' Đen'}],,0,0
263438008,9.40088E+12,3/2/2024,112638,Masstel,Masscom,Điện thoại Masstel Hapi 30 4G Hàng Chính Hãng,2290000,2290000,0,,1,1,1
242712931,5.32398E+12,3/2/2024,18802,Samsung,MT Smart Official Store ,Điện thoại Samsung Galaxy S23 Ultra 512GB - Hàng chính hãng,36990000,36990000,0,"[{'label': 'Black'}, {'label': 'Cream'}, {'label': 'Green'}, {'label': 'Lavender'}]",,0,0
273610105,2.83299E+12,3/2/2024,18802,Samsung,GIA DỤNG VIỆT,Điện Thoại Samsung Galaxy A05 - Hàng Chính Hãng,3025000,3025000,0,"[{'label': '4GB/128GB'}, {'label': '4GB/64GB'}, {'label': '6GB/128GB'}]",,0,0
263675862,7.0103E+12,3/2/2024,25643,OPPO,THẮNG THAO MOBILE,Điện thoại OPPO A77 4GB+4GB/128GB - Sạc siêu nhanh 33W - Hàng nhập khẩu nhật - Bản quốc tế,4990000,3490000,30,"[{'label': ' Xanh Biển    '}, {'label': ' Đen'}]",6,2,4.5
273029857,9.47365E+12,3/2/2024,18802,Samsung,GIA DỤNG VIỆT,Điện Thoại Samsung Galaxy A05s (4GB/128GB) - Hàng Chính Hãng ,3980000,3980000,0,"[{'label': 'Bạc sỉu'}, {'label': 'Xanh Matcha'}, {'label': 'Đen đá'}]",,0,0
217559440,3.5509E+12,3/2/2024,18802,Samsung,Long Hưng TechZone,Điện thoại Samsung Galaxy A03s (3GB/32GB) - Hàng chính hãng,2990000,2990000,0,[{'label': 'Xanh Dương'}],,0,0
273411607,1.68025E+12,3/2/2024,18802,Samsung,THẮNG THAO MOBILE,Điện thoại Samsung Galaxy M14 5G (4GB/64GB) - Hàng chính hãng,3690000,2890000,22,"[{'label': 'Bạc'}, {'label': 'Xanh dương (Lam)'}, {'label': 'Xanh đen'}]",10,1,5
196197701,5.33122E+12,3/2/2024,18802,Samsung,Long Hưng TechZone,Điện thoại Samsung Galaxy Z Fold4 5G (12GB/256GB) - Hàng chính hãng,40990000,40990000,0,[{'label': 'Đen Phantom'}],,0,0
247829297,2.56523E+12,3/2/2024,247549,Realme,Tiki Trading,Điện thoại Realme C55 (8GB/256GB) - Hàng chính hãng ,5690000,4470000,21,[{'label': 'Vàng'}],50,22,4.8
273947792,1.79002E+12,3/2/2024,18802,Samsung,Tiki Trading,"Điện thoại AI Samsung Galaxy S24 Ultra, Camera 200MP Zoom 100x, S Pen - Hàng Chính Hãng",34490000,26990000,22,"[{'label': 'Tím'}, {'label': 'Vàng'}, {'label': 'Xám'}, {'label': 'Đen'}]",351,0,0
202182043,5.24626E+12,3/2/2024,52232,Vivo,vivo Official Store,Điện Thoại Vivo Y35 (8GB/128GB) - Hàng Chính Hãng,6990000,4990000,29,"[{'label': 'Vàng Ban Mai'}, {'label': 'Đen Vân Thoi'}]",1,1,5
188900310,1.37709E+12,3/2/2024,19673,Nokia,Nguyễn Kim Official,Điện thoại Nokia C20 2GB/32GB Xanh - Hàng Chính Hãng,2490000,2490000,0,,,0,0
249153684,5.53972E+12,3/2/2024,247549,Realme,Nguyễn Kim Official,Điện thoại Realme C55 6GB/128GB Đen trời đêm - Hàng chính hãng,4990000,4680000,6,,,0,0
248655651,9.32489E+12,3/2/2024,18802,Samsung,GIA DỤNG VIỆT,Điện Thoại Samsung Galaxy A14 5G (4GB/128GB) - Hàng chính hãng - ĐÃ KÍCH HOẠT BẢO HÀNH ĐIỆN TỬ,5000000,5000000,0,"[{'label': 'Bạc'}, {'label': 'Đen'}, {'label': 'Đỏ'}]",1,0,0
273498357,9.15336E+12,3/2/2024,111684,Itel,Itel Official,Điện Thoại Itel S23 16GB(8GB+8GB)/256GB | Pin 5000mAh | 6.6 Inch | Camera 50MP | HÀNG CHÍNH HÃNG,3490000,2490000,29,"[{'label': 'Màu Trắng'}, {'label': 'Màu Đen'}]",4,1,5
272238679,3.01606E+12,3/2/2024,18802,Samsung,Long Hưng TechZone,Điện thoại Samsung Galaxy A05 (4GB/128GB) - Hàng chính hãng,3090000,2789000,10,"[{'label': 'Bạc sỉu'}, {'label': 'Xanh Matcha'}, {'label': 'Đen đá'}]",2,0,0
274037360,1.50224E+12,3/2/2024,406575,POCO,Tiki Trading,Điện Thoại POCO C65 (6GB/128GB) - Hàng Chính Hãng,3090000,2690000,13,[{'label': 'Đen'}],2270,13,4.6
272056193,9.12537E+12,3/2/2024,25422,Xiaomi,Hồng Hạnh Mobile,Điện Thoại Xiaomi Redmi Note 12 8GB/128GB - Hàng Chính Hãng,5790000,4199000,27,"[{'label': 'Vàng Bình Minh'}, {'label': 'Xanh Băng Tuyết'}, {'label': 'Xanh Bạc Hà'}, {'label': 'Xám Thạch Anh'}]",7,4,4.8
272328188,5.46125E+12,3/2/2024,18802,Samsung,Hồng Hạnh Mobile,Điện Thoại Samsung A05 4GB/128GB - Hàng Chính Hãng,3090000,2659000,14,"[{'label': ' Xanh  '}, {'label': ' Đen'}]",18,4,5
205750556,3.68293E+12,3/2/2024,25643,OPPO,Tiki Trading,Điện Thoại Oppo A57 4GB/128GB - Hàng Chính Hãng,4990000,3890000,22,[{'label': ' Xanh  '}],7441,188,5
197670818,2.94233E+12,3/2/2024,18802,Samsung,THẮNG THAO MOBILE,Điện thoại Samsung Galaxy A04s (4GB/64GB) - Hàng chính hãng,3990000,2590000,35,"[{'label': 'Xanh'}, {'label': 'Đen'}, {'label': 'Đồng'}]",11,3,5
272392928,3.72406E+12,3/2/2024,18802,Samsung,HAPPY PHONE,Điện thoại Samsung Galaxy A05 (4GB/128GB) - Hàng chính hãng - ĐÃ KÍCH HOẠT BẢO HÀNH ĐIỆN TỬ,3090000,3090000,0,[{'label': ' Đen'}],11,1,5
250111470,5.63637E+12,3/2/2024,25422,Xiaomi,HAPPY PHONE,Điện thoại Xiaomi Redmi Note 12 (8GB/128GB) - Hàng chính hãng,5790000,5790000,0,"[{'label': 'Vàng'}, {'label': 'Xanh Dương'}, {'label': 'Xanh lá'}]",75,23,4.7
273958619,7.11792E+12,3/2/2024,25422,Xiaomi,HAPPY PHONE,Điện Thoại Xiaomi Redmi Note 13 6GB-128GB - Hàng chính hãng,4890000,4890000,0,"[{'label': ' Xanh  '}, {'label': ' Đen'}, {'label': 'Vàng'}]",5,0,0
270814412,4.44413E+12,3/2/2024,162007,Tecno,Tecno Official Store,Điện thoại Tecno CAMON 20 Premier 5G - 8GB/512GB | Dimensity 8050| Cụm Camera 108+50+ 2MP | AMOLED - Tần số quét 120Hz - Hàng chính hãng,11990000,11190000,7,"[{'label': 'Xanh Da Trời'}, {'label': 'Đen Thiên Không'}]",1,1,5
274095168,8.64938E+12,3/2/2024,25422,Xiaomi,Tiki Trading,Điện thoại Xiaomi Redmi A2+ (3GB/64GB) - Hàng Chính Hãng,2790000,1890000,32,"[{'label': 'Xanh Dương'}, {'label': 'Đen'}]",25,4,5
270447782,3.88777E+12,3/2/2024,19673,Nokia,Tiki Trading,Điện thoại Nokia C32 (4GB/128GB) - Hàng chính hãng,3290000,2250000,32,[{'label': 'Xanh Hồ Thu'}],105,30,4.5
271972435,1.23712E+12,3/2/2024,17827,Apple,Tiki Trading,Apple iPhone 15 Pro,27990000,25650000,8,"[{'label': 'Titan Tự Nhiên'}, {'label': 'Titan Đen'}]",304,64,4.8
273650151,8.47744E+12,3/2/2024,169013,Ulefone,xuanhongmobile,"Điện thoại siêu bền Ulefone Power Armor X11(chống nước,chống va đập , Ram8 GB(4gb+4gb),Rom 32 GB, NFC, Helio G25, WiFi 2.4G/5G, Pin 8150 Mah,)-hàng chính hãng",3290000,3290000,0,,,0,0
212926651,2.16921E+12,3/2/2024,18802,Samsung,GIA DỤNG VIỆT,Điện Thoại Samsung Galaxy S20 FE 8GB/256GB - Hàng Chính Hãng - Đã Kích Hoạt Bảo Hành Điện Tử,8625000,8625000,0,[{'label': 'Xanh lá'}],,0,0
248929458,1.04969E+12,3/2/2024,18802,Samsung,GIA DỤNG VIỆT,Điện thoại Samsung Galaxy A34 5G (8GB/128GB) - Hàng chính hãng,7164000,7164000,0,[{'label': 'Đen Chiến Binh'}],,0,0
263448701,6.55694E+12,3/2/2024,25422,Xiaomi,GiaPhucStore,Điện Thoại Xiaomi Redmi Note 12 (4GB/128GB) - Hàng Chính Hãng,4490000,4490000,0,"[{'label': 'Xanh Dương'}, {'label': 'Xanh Lá'}, {'label': 'Xám'}]",,0,0
192036708,5.95196E+12,3/2/2024,25643,OPPO,GIA DỤNG VIỆT,Điện Thoại OPPO A57 (4GB/128GB) - Hàng Chính Hãng ,4632000,4632000,0,[{'label': 'Xanh'}],1,0,0
273398391,5.38865E+12,3/2/2024,169013,Ulefone,xuanhongmobile,"Điện thoại Ulefone Armor 18T (Ram 12Gb,Rom 256Gb,Camera 108MP,camera nhiệt FLIR,Pin 9600 mAh,5G,chống nước,chống va đập)-hàng chính hãng",14990000,14990000,0,,,0,0
270260682,9.51596E+12,3/2/2024,162007,Tecno,THẮNG THAO MOBILE,Điện thoại Gaming Tecno POVA 4 8GB/128GB - Hàng Chính Hãng - MediaTek G99 | 6000mAh - 6.82 inch - Bảo hành 13 Tháng,4690000,3599000,23,"[{'label': ' Xanh Biển    '}, {'label': ' Đen'}]",3,2,4
214603586,2.4743E+12,3/2/2024,18802,Samsung,THẮNG THAO MOBILE,Điện Thoại Samsung Galaxy A04e (3GB/32GB)- Hàng Chính Hãng,2690000,1999000,26,"[{'label': 'Đen'}, {'label': 'Đồng'}]",45,13,4.7
249143473,3.23363E+12,3/2/2024,18802,Samsung,GIA DỤNG VIỆT,Điện thoại Samsung Galaxy A34 5G (8GB/128GB) - Hàng chính hãng - ĐÃ KÍCH HOẠT BẢO HÀNH ĐIỆN TỬ,7164000,7164000,0,"[{'label': 'Bạc'}, {'label': 'Xanh'}, {'label': 'Đen'}]",,0,0
271954384,7.88995E+12,3/2/2024,25643,OPPO,THẮNG THAO MOBILE,"Điện thoại OPPO A58 6GB/128GB , Sạc nhanh 33W - Hàng Chính Hãng",4990000,4399000,12,[{'label': ' Đen'}],2,1,5
176438844,8.02227E+12,3/2/2024,25422,Xiaomi,GIA DỤNG VIỆT,Điện thoại Xiaomi REDMI 9A (2+32) Xanh lá - Hàng chính hãng (chỉ giao HN và một số khu vực),2088000,2088000,0,,,0,0
247925719,1.80966E+12,3/2/2024,18802,Samsung,GIA DỤNG VIỆT,Điện thoại Samsung Galaxy A14  (4GB/128GB) - Hàng Chính Hãng - Đã kích hoạt bảo hành điện tử,3672000,3672000,0,"[{'label': 'Bạc'}, {'label': 'Đen'}, {'label': 'Đỏ'}]",2,1,5
230203067,2.0267E+12,3/2/2024,25643,OPPO,THẮNG THAO MOBILE,Điện thoại OPPO A55s 5G 4GB/64GB - Màn 90hz - Chống nước IP68 - Hàng nhập khẩu - Bản quốc tế ,3699000,2832000,23,"[{'label': ' Đen'}, {'label': 'Xanh Lá'}]",26,11,5
248005118,9.95832E+12,3/2/2024,18802,Samsung,GIA DỤNG VIỆT,Điện Thoại Samsung Galaxy A34 5G (8GB/128GB) - Hàng Chính Hãng,7164000,7164000,0,"[{'label': 'Bạc Bất Bại'}, {'label': 'Xanh Dũng Mãnh'}, {'label': 'Đen Chiến Binh'}]",1,1,5
270714226,1.31802E+12,3/2/2024,111684,Itel,Itel Official,Điện Thoại Itel S23 4GB/128GB | Pin 5000mAh | 6.6 Inch | Camera 50MP | HÀNG CHÍNH HÃNG,2590000,2090000,19,[{'label': ' Đen'}],34,13,4.5
245770806,2.93919E+12,3/2/2024,18802,Samsung,GIA DỤNG VIỆT,Điện thoại Samsung Galaxy A14 LTE (4GB/128GB) - Hàng chính hãng,3672000,3672000,0,"[{'label': 'Trắng Pearl'}, {'label': 'Đen Midnight'}, {'label': 'Đỏ Burgundy'}]",1,1,5
274316143,1.2864E+12,3/2/2024,52232,Vivo,vivo Official Store,Điện thoại vivo Y22s (4GB - 128GB) - Hàng Chính Hãng ,5290000,3690000,30,"[{'label': ' Đen'}, {'label': 'Xanh vàng'}]",,0,0
271451188,3.15755E+12,3/2/2024,25422,Xiaomi,GiaPhucStore,"Điện thoại Xiaomi Redmi A2| IPS LCD 6.52"" HD+| MediaTek Helio G36| 5000 mAh - Hàng chính hãng",2190000,2190000,0,"[{'label': ' Đen'}, {'label': 'Xanh Dương'}]",,0,0
273244775,9.97213E+12,3/2/2024,18802,Samsung,Nguyễn Kim Official,Điện thoại Samsung Galaxy A23 5G 4GB/128GB Xanh - Hàng chính hãng,5990000,5200000,13,,1,0,0
274172292,6.97369E+12,3/2/2024,18802,Samsung,Long Hưng TechZone,Điện thoại Samsung Galaxy A05 (4GB/64GB) - Hàng chính hãng,2990000,2990000,0,"[{'label': 'Bạc sỉu'}, {'label': 'Xanh Matcha'}, {'label': 'Đen đá'}]",,0,0
272394241,7.60755E+12,3/2/2024,18802,Samsung,HAPPY PHONE,Điện thoại Samsung Galaxy A05s (4Gb/128Gb) - Hàng chính hãng - Đã kích hoạt bảo hành điện tử,3990000,3990000,0,"[{'label': 'Bạc'}, {'label': 'Xanh lá'}, {'label': 'Đen'}]",4,2,5
273990229,5.27179E+12,3/2/2024,25422,Xiaomi,Hồng Hạnh Mobile,Điện Thoại Xiaomi Redmi Note 13 6GB/128GB - Hàng Chính Hãng,4890000,4119000,16,"[{'label': 'Hoàng Hôn Trên Biển'}, {'label': 'Xanh Bạc Hà'}, {'label': 'Đen Bán Dạ'}]",7,0,0
270249637,6.56388E+12,3/2/2024,25422,Xiaomi,Hồng Hạnh Mobile,Điện Thoại Xiaomi Redmi Note 12 Pro 8GB/256GB - Hàng Chính Hãng,7990000,6479000,19,"[{'label': '   Xanh Ánh Sao   '}, {'label': 'Xám Thạch Anh'}]",2,1,5
198648645,7.1029E+12,3/2/2024,25422,Xiaomi,THẮNG THAO MOBILE,Điện thoại Xiaomi Redmi A1 (2GB/32GB) - Hàng chính hãng,2190000,1656000,24,"[{'label': 'Xanh Dương'}, {'label': 'Xanh lá'}, {'label': 'Đen'}]",1,0,0
272850971,1.86362E+12,3/2/2024,162007,Tecno,THẮNG THAO MOBILE,"Điện thoại Libero 5G III - 4/64GB Dimensity 700 ,Màn OLED ,Kháng nước IP57 - Hàng nhập khẩu nhật ",3290000,2290000,30,[{'label': 'Màu Trắng'}],2,0,0
270814316,2.27022E+12,3/2/2024,162007,Tecno,Tecno Official Store,Điện thoại Tecno POVA 5 (8+8)/256GB - MediaTek Helio G99 - Sạc nhanh 45W - 6.8'' FHD+120HZ - Hàng Chính Hãng -  BH 13 Tháng,5290000,4529000,14,"[{'label': 'Vàng Hổ Phách'}, {'label': 'Xanh Vần Vũ'}, {'label': 'Đen Động Cơ'}]",19,10,5
249956458,7.40721E+12,3/2/2024,25422,Xiaomi,Long Hưng TechZone,Điện thoại Xiaomi Redmi Note 12 (4GB/128GB) - Hàng chính hãng,4990000,3739000,25,"[{'label': 'Xanh băng tuyết'}, {'label': 'Xám thạch anh'}]",1,1,3
271467653,2.44617E+12,3/2/2024,247549,Realme,THẮNG THAO MOBILE,Điện thoại Realme C51 (4GB/128GB) - Hàng chính hãng ,3990000,2999000,25,"[{'label': 'Xanh ngọc'}, {'label': 'Đen'}]",2,1,5
274160702,1.75659E+12,3/2/2024,18802,Samsung,HAPPY PHONE,Điện thoại Samsung Galaxy S24 Ultra - Hàng chính hãng,33990000,27225000,20,"[{'label': 'Tím'}, {'label': 'Vàng'}, {'label': 'Xám'}, {'label': 'Đen'}]",,0,0
272323566,5.85856E+12,3/2/2024,18802,Samsung,Hồng Hạnh Mobile,Điện Thoại Samsung M34 5G 8GB/128GB - Hàng Chính Hãng,7990000,6179000,23,"[{'label': 'Xanh Ánh Kim'}, {'label': 'Xanh Đại Dương'}]",3,0,0
262304313,8.28262E+12,3/2/2024,25422,Xiaomi,Long Hưng TechZone,Điện thoại Xiaomi Redmi Note 12S (8GB/256GB) - Hàng chính hãng,6690000,5019000,25,[{'label': 'Đen thạch anh'}],8,1,5
273412211,6.229E+12,3/2/2024,25422,Xiaomi,GiaPhucStore,"Điện thoại Xiaomi Redmi 13C (4+128GB) | 6.74"" 90Hz| Media Tek Helio G85| 5000mAh - Hàng chính hãng",2890000,2890000,0,"[{'label': ' Xanh Biển    '}, {'label': ' Đen'}, {'label': 'Xanh Lá'}]",,0,0
273357326,1.57195E+12,3/2/2024,25422,Xiaomi,Long Hưng TechZone,Điện thoại Xiaomi Redmi 13C (6GB/128GB) - Hàng chính hãng,3490000,3099000,11,"[{'label': 'Xanh cỏ ba lá'}, {'label': 'Xanh hải quân'}, {'label': 'Đen bán dạ'}]",1,0,0
273258825,9.6163E+12,3/2/2024,18802,Samsung,Tiki Trading,Điện thoại Samsung Galaxy A05s (4GB/128GB) - Đã kích hoạt bảo hành điện tử - Hàng chính hãng,3950000,3190000,19,"[{'label': 'Xanh'}, {'label': 'Đen'}]",124,15,5
